,,,ddG(PopMusic)
26,HIS,ALA,0.47
26,HIS,CYS,0.71
26,HIS,ASP,0.42
26,HIS,GLU,0.36
26,HIS,PHE,0.19
26,HIS,GLY,1.2
26,HIS,ILE,0.03
26,HIS,LYS,0.3
26,HIS,LEU,-0.01
26,HIS,MET,-0.01
26,HIS,ASN,0.37
26,HIS,PRO,0.63
26,HIS,GLN,0.2
26,HIS,ARG,0.01
26,HIS,SER,0.59
26,HIS,THR,0.33
26,HIS,VAL,0.2
26,HIS,TRP,0.28
26,HIS,TYR,0.32
27,PRO,ALA,-0.43
27,PRO,CYS,-0.02
27,PRO,ASP,-0.18
27,PRO,GLU,-0.25
27,PRO,PHE,0.22
27,PRO,GLY,0.73
27,PRO,HIS,0.01
27,PRO,ILE,0
27,PRO,LYS,-0.09
27,PRO,LEU,-0.07
27,PRO,MET,0.03
27,PRO,ASN,-0.01
27,PRO,GLN,-0.17
27,PRO,ARG,-0.17
27,PRO,SER,-0.03
27,PRO,THR,-0.22
27,PRO,VAL,-0.02
27,PRO,TRP,0.28
27,PRO,TYR,0.16
28,GLU,ALA,0.15
28,GLU,CYS,0.32
28,GLU,ASP,0.2
28,GLU,PHE,0.31
28,GLU,GLY,1.42
28,GLU,HIS,0.31
28,GLU,ILE,-0.06
28,GLU,LYS,0.35
28,GLU,LEU,0.04
28,GLU,MET,0.1
28,GLU,ASN,0.53
28,GLU,PRO,0.93
28,GLU,GLN,0.05
28,GLU,ARG,0.21
28,GLU,SER,0.35
28,GLU,THR,0.17
28,GLU,VAL,0.09
28,GLU,TRP,0.32
28,GLU,TYR,0.16
29,THR,ALA,1.63
29,THR,CYS,1.08
29,THR,ASP,1.7
29,THR,GLU,1.51
29,THR,PHE,0.54
29,THR,GLY,2.05
29,THR,HIS,0.92
29,THR,ILE,0.93
29,THR,LYS,1.44
29,THR,LEU,0.84
29,THR,MET,0.91
29,THR,ASN,1.38
29,THR,PRO,2.25
29,THR,GLN,1.15
29,THR,ARG,0.99
29,THR,SER,1.16
29,THR,VAL,0.74
29,THR,TRP,0.22
29,THR,TYR,0.66
30,LEU,ALA,1.94
30,LEU,CYS,1.61
30,LEU,ASP,2.64
30,LEU,GLU,2.05
30,LEU,PHE,0.97
30,LEU,GLY,2.79
30,LEU,HIS,1.54
30,LEU,ILE,0.81
30,LEU,LYS,1.85
30,LEU,MET,0.73
30,LEU,ASN,2.49
30,LEU,PRO,2.59
30,LEU,GLN,1.49
30,LEU,ARG,1.5
30,LEU,SER,2.6
30,LEU,THR,2.19
30,LEU,VAL,1.21
30,LEU,TRP,0.89
30,LEU,TYR,1.05
31,VAL,ALA,-0.27
31,VAL,CYS,0.38
31,VAL,ASP,-0.24
31,VAL,GLU,-0.56
31,VAL,PHE,0.36
31,VAL,GLY,0.65
31,VAL,HIS,0.03
31,VAL,ILE,0.12
31,VAL,LYS,-0.46
31,VAL,LEU,-0.01
31,VAL,MET,-0.02
31,VAL,ASN,-0.06
31,VAL,PRO,0.57
31,VAL,GLN,-0.66
31,VAL,ARG,-0.41
31,VAL,SER,0.1
31,VAL,THR,-0.03
31,VAL,TRP,0.28
31,VAL,TYR,0.15
32,LYS,ALA,0.43
32,LYS,CYS,0.73
32,LYS,ASP,1.19
32,LYS,GLU,0.95
32,LYS,PHE,-0.05
32,LYS,GLY,1.54
32,LYS,HIS,0.42
32,LYS,ILE,0.45
32,LYS,LEU,0.08
32,LYS,MET,0.05
32,LYS,ASN,0.98
32,LYS,PRO,1.32
32,LYS,GLN,0.32
32,LYS,ARG,0.38
32,LYS,SER,1.01
32,LYS,THR,1
32,LYS,VAL,0.55
32,LYS,TRP,-0.15
32,LYS,TYR,0.06
33,VAL,ALA,2.03
33,VAL,CYS,1.14
33,VAL,ASP,2.39
33,VAL,GLU,1.51
33,VAL,PHE,0.83
33,VAL,GLY,3.27
33,VAL,HIS,1.34
33,VAL,ILE,0.74
33,VAL,LYS,1.61
33,VAL,LEU,0.63
33,VAL,MET,0.83
33,VAL,ASN,1.96
33,VAL,PRO,2.82
33,VAL,GLN,1.03
33,VAL,ARG,1.11
33,VAL,SER,2.22
33,VAL,THR,1.64
33,VAL,TRP,0.69
33,VAL,TYR,0.61
34,LYS,ALA,0.4
34,LYS,CYS,0.95
34,LYS,ASP,0.75
34,LYS,GLU,0.36
34,LYS,PHE,0.8
34,LYS,GLY,1.37
34,LYS,HIS,0.63
34,LYS,ILE,0.35
34,LYS,LEU,0.28
34,LYS,MET,0.23
34,LYS,ASN,0.78
34,LYS,PRO,1.3
34,LYS,GLN,0.13
34,LYS,ARG,0.11
34,LYS,SER,0.99
34,LYS,THR,0.81
34,LYS,VAL,0.59
34,LYS,TRP,0.76
34,LYS,TYR,0.77
35,ASP,ALA,0.29
35,ASP,CYS,0.79
35,ASP,GLU,-0.01
35,ASP,PHE,0.87
35,ASP,GLY,1.29
35,ASP,HIS,0.57
35,ASP,ILE,0.45
35,ASP,LYS,0.2
35,ASP,LEU,0.17
35,ASP,MET,0.23
35,ASP,ASN,0.3
35,ASP,PRO,1.22
35,ASP,GLN,-0.06
35,ASP,ARG,0.09
35,ASP,SER,0.72
35,ASP,THR,0.44
35,ASP,VAL,0.42
35,ASP,TRP,0.71
35,ASP,TYR,0.64
36,ALA,CYS,0.1
36,ALA,ASP,1.73
36,ALA,GLU,1.36
36,ALA,PHE,-0.38
36,ALA,GLY,1.89
36,ALA,HIS,0.85
36,ALA,ILE,-0.33
36,ALA,LYS,1.27
36,ALA,LEU,-0.1
36,ALA,MET,0.07
36,ALA,ASN,1.45
36,ALA,PRO,2.22
36,ALA,GLN,0.68
36,ALA,ARG,0.6
36,ALA,SER,0.73
36,ALA,THR,0.95
36,ALA,VAL,-0.19
36,ALA,TRP,-0.01
36,ALA,TYR,0.05
37,GLU,ALA,0.69
37,GLU,CYS,-0.09
37,GLU,ASP,1.18
37,GLU,PHE,-0.46
37,GLU,GLY,1.34
37,GLU,HIS,0.23
37,GLU,ILE,-0.85
37,GLU,LYS,0.58
37,GLU,LEU,-0.57
37,GLU,MET,-0.59
37,GLU,ASN,1.14
37,GLU,PRO,1.87
37,GLU,GLN,0.3
37,GLU,ARG,0.26
37,GLU,SER,1.34
37,GLU,THR,0.79
37,GLU,VAL,-0.83
37,GLU,TRP,-0.28
37,GLU,TYR,-0.31
38,ASP,ALA,-0.37
38,ASP,CYS,0.27
38,ASP,GLU,-0.38
38,ASP,PHE,0.25
38,ASP,GLY,0.56
38,ASP,HIS,0.02
38,ASP,ILE,-0.09
38,ASP,LYS,-0.35
38,ASP,LEU,-0.11
38,ASP,MET,-0.05
38,ASP,ASN,-0.02
38,ASP,PRO,0.6
38,ASP,GLN,-0.4
38,ASP,ARG,-0.23
38,ASP,SER,0.16
38,ASP,THR,0.03
38,ASP,VAL,-0.04
38,ASP,TRP,0.43
38,ASP,TYR,0.34
39,GLN,ALA,0.09
39,GLN,CYS,0.77
39,GLN,ASP,0.81
39,GLN,GLU,0.05
39,GLN,PHE,0.9
39,GLN,GLY,1.6
39,GLN,HIS,0.39
39,GLN,ILE,0.38
39,GLN,LYS,-0.11
39,GLN,LEU,0.35
39,GLN,MET,0.35
39,GLN,ASN,0.67
39,GLN,PRO,1.13
39,GLN,ARG,-0.03
39,GLN,SER,0.52
39,GLN,THR,0.54
39,GLN,VAL,0.56
39,GLN,TRP,0.97
39,GLN,TYR,0.7
40,LEU,ALA,2.5
40,LEU,CYS,1.91
40,LEU,ASP,2.34
40,LEU,GLU,2.58
40,LEU,PHE,1.08
40,LEU,GLY,3.29
40,LEU,HIS,1.2
40,LEU,ILE,1.53
40,LEU,LYS,2.47
40,LEU,MET,0.95
40,LEU,ASN,1.8
40,LEU,PRO,3.57
40,LEU,GLN,1.9
40,LEU,ARG,2.06
40,LEU,SER,2.35
40,LEU,THR,1.68
40,LEU,VAL,2.6
40,LEU,TRP,1.43
40,LEU,TYR,1.2
41,GLY,ALA,1.09
41,GLY,CYS,0.87
41,GLY,ASP,1.21
41,GLY,GLU,1.4
41,GLY,PHE,1.61
41,GLY,HIS,1.02
41,GLY,ILE,1.7
41,GLY,LYS,0.92
41,GLY,LEU,1.47
41,GLY,MET,1.35
41,GLY,ASN,0.87
41,GLY,PRO,2.07
41,GLY,GLN,1.05
41,GLY,ARG,1.09
41,GLY,SER,1.2
41,GLY,THR,1.57
41,GLY,VAL,1.61
41,GLY,TRP,1.69
41,GLY,TYR,1.81
42,ALA,CYS,-0.11
42,ALA,ASP,1.68
42,ALA,GLU,1.27
42,ALA,PHE,0.08
42,ALA,GLY,1.23
42,ALA,HIS,0.21
42,ALA,ILE,-0.39
42,ALA,LYS,0.95
42,ALA,LEU,0.09
42,ALA,MET,0.28
42,ALA,ASN,0.81
42,ALA,PRO,2.59
42,ALA,GLN,0.72
42,ALA,ARG,0.35
42,ALA,SER,0.81
42,ALA,THR,0.45
42,ALA,VAL,-0.3
42,ALA,TRP,0.12
42,ALA,TYR,-0.13
43,ARG,ALA,1.01
43,ARG,CYS,0.98
43,ARG,ASP,1.08
43,ARG,GLU,1.11
43,ARG,PHE,0.25
43,ARG,GLY,2.05
43,ARG,HIS,0.31
43,ARG,ILE,0.18
43,ARG,LYS,0.72
43,ARG,LEU,0.19
43,ARG,MET,0.43
43,ARG,ASN,0.92
43,ARG,PRO,0.33
43,ARG,GLN,0.71
43,ARG,SER,0.95
43,ARG,THR,0.48
43,ARG,VAL,0.25
43,ARG,TRP,0.15
43,ARG,TYR,0.46
44,VAL,ALA,3.37
44,VAL,CYS,2
44,VAL,ASP,4.07
44,VAL,GLU,4.16
44,VAL,PHE,1.52
44,VAL,GLY,3.76
44,VAL,HIS,2.47
44,VAL,ILE,1.15
44,VAL,LYS,3.65
44,VAL,LEU,1.41
44,VAL,MET,1.85
44,VAL,ASN,3.37
44,VAL,PRO,4.19
44,VAL,GLN,3.41
44,VAL,ARG,3.07
44,VAL,SER,3.29
44,VAL,THR,2.45
44,VAL,TRP,1.79
44,VAL,TYR,1.71
45,GLY,ALA,0.14
45,GLY,CYS,-1.06
45,GLY,ASP,1.83
45,GLY,GLU,1.91
45,GLY,PHE,-0.62
45,GLY,HIS,0.3
45,GLY,ILE,-1.03
45,GLY,LYS,1.96
45,GLY,LEU,-0.62
45,GLY,MET,-0.42
45,GLY,ASN,1.43
45,GLY,PRO,1.92
45,GLY,GLN,1.22
45,GLY,ARG,0.96
45,GLY,SER,0.52
45,GLY,THR,0.16
45,GLY,VAL,-0.74
45,GLY,TRP,-0.65
45,GLY,TYR,-0.66
46,TYR,ALA,4.17
46,TYR,CYS,2.67
46,TYR,ASP,5.22
46,TYR,GLU,5.26
46,TYR,PHE,0.99
46,TYR,GLY,5.21
46,TYR,HIS,2.81
46,TYR,ILE,1.73
46,TYR,LYS,4.81
46,TYR,LEU,1.88
46,TYR,MET,2.36
46,TYR,ASN,4.35
46,TYR,PRO,5.43
46,TYR,GLN,4.22
46,TYR,ARG,3.51
46,TYR,SER,4.33
46,TYR,THR,3.45
46,TYR,VAL,2.15
46,TYR,TRP,1.23
47,ILE,ALA,3.25
47,ILE,CYS,2.01
47,ILE,ASP,4.6
47,ILE,GLU,4.55
47,ILE,PHE,1.58
47,ILE,GLY,4.54
47,ILE,HIS,2.97
47,ILE,LYS,4.4
47,ILE,LEU,1.57
47,ILE,MET,1.52
47,ILE,ASN,3.88
47,ILE,PRO,5.21
47,ILE,GLN,3.42
47,ILE,ARG,3.31
47,ILE,SER,3.99
47,ILE,THR,2.83
47,ILE,VAL,1.29
47,ILE,TRP,1.72
47,ILE,TYR,1.41
48,GLU,ALA,0.86
48,GLU,CYS,-0.2
48,GLU,ASP,1.38
48,GLU,PHE,-0.64
48,GLU,GLY,1.61
48,GLU,HIS,-0.16
48,GLU,ILE,-1.08
48,GLU,LYS,0.8
48,GLU,LEU,-0.66
48,GLU,MET,-0.56
48,GLU,ASN,0.9
48,GLU,PRO,1.82
48,GLU,GLN,0.53
48,GLU,ARG,0.22
48,GLU,SER,0.89
48,GLU,THR,0.03
48,GLU,VAL,-0.87
48,GLU,TRP,-0.7
48,GLU,TYR,-0.56
49,LEU,ALA,3.11
49,LEU,CYS,1.47
49,LEU,ASP,4.08
49,LEU,GLU,4.42
49,LEU,PHE,0.94
49,LEU,GLY,3.98
49,LEU,HIS,2.56
49,LEU,ILE,0.68
49,LEU,LYS,3.83
49,LEU,MET,1.15
49,LEU,ASN,3.42
49,LEU,PRO,4.19
49,LEU,GLN,3.57
49,LEU,ARG,2.87
49,LEU,SER,3.59
49,LEU,THR,2.52
49,LEU,VAL,1.03
49,LEU,TRP,1.51
49,LEU,TYR,1.38
50,ASP,ALA,1.84
50,ASP,CYS,1.61
50,ASP,GLU,2.14
50,ASP,PHE,1.64
50,ASP,GLY,2.27
50,ASP,HIS,1.18
50,ASP,ILE,1.48
50,ASP,LYS,2.02
50,ASP,LEU,1.71
50,ASP,MET,1.6
50,ASP,ASN,0.82
50,ASP,PRO,0.46
50,ASP,GLN,1.99
50,ASP,ARG,1.63
50,ASP,SER,1
50,ASP,THR,0.73
50,ASP,VAL,1.39
50,ASP,TRP,1.19
50,ASP,TYR,1.49
51,LEU,ALA,2.4
51,LEU,CYS,2
51,LEU,ASP,2.58
51,LEU,GLU,2.25
51,LEU,PHE,0.96
51,LEU,GLY,3.63
51,LEU,HIS,1.62
51,LEU,ILE,0.91
51,LEU,LYS,2.27
51,LEU,MET,1.29
51,LEU,ASN,2.59
51,LEU,PRO,1.33
51,LEU,GLN,2.14
51,LEU,ARG,1.8
51,LEU,SER,2.56
51,LEU,THR,2.1
51,LEU,VAL,1.27
51,LEU,TRP,0.89
51,LEU,TYR,1.01
51A,ASN,ALA,-0.62
51A,ASN,CYS,-0.21
51A,ASN,ASP,-0.34
51A,ASN,GLU,-0.46
51A,ASN,PHE,0.3
51A,ASN,GLY,0.16
51A,ASN,HIS,-0.2
51A,ASN,ILE,-0.13
51A,ASN,LYS,-0.3
51A,ASN,LEU,0.05
51A,ASN,MET,0.13
51A,ASN,PRO,-0.25
51A,ASN,GLN,-0.35
51A,ASN,ARG,-0.24
51A,ASN,SER,-0.61
51A,ASN,THR,-0.27
51A,ASN,VAL,-0.17
51A,ASN,TRP,0.1
51A,ASN,TYR,0.11
52,SER,ALA,0.17
52,SER,CYS,0.45
52,SER,ASP,0.43
52,SER,GLU,0.82
52,SER,PHE,0.77
52,SER,GLY,1.27
52,SER,HIS,0.4
52,SER,ILE,1.03
52,SER,LYS,0.65
52,SER,LEU,0.66
52,SER,MET,0.6
52,SER,ASN,0.28
52,SER,PRO,1.58
52,SER,GLN,0.57
52,SER,ARG,0.58
52,SER,THR,0.22
52,SER,VAL,1.01
52,SER,TRP,1.26
52,SER,TYR,0.69
53,GLY,ALA,2.21
53,GLY,CYS,1.43
53,GLY,ASP,2.38
53,GLY,GLU,2.77
53,GLY,PHE,1.69
53,GLY,HIS,1.86
53,GLY,ILE,2.37
53,GLY,LYS,2.26
53,GLY,LEU,1.79
53,GLY,MET,1.74
53,GLY,ASN,1.77
53,GLY,PRO,3.83
53,GLY,GLN,1.97
53,GLY,ARG,2.14
53,GLY,SER,2.07
53,GLY,THR,2.55
53,GLY,VAL,2.33
53,GLY,TRP,1.99
53,GLY,TYR,2.05
54,LYS,ALA,0.22
54,LYS,CYS,-0.17
54,LYS,ASP,0.29
54,LYS,GLU,0.2
54,LYS,PHE,0.03
54,LYS,GLY,0.63
54,LYS,HIS,-0.11
54,LYS,ILE,-0.62
54,LYS,LEU,-0.38
54,LYS,MET,-0.23
54,LYS,ASN,0.39
54,LYS,PRO,0.52
54,LYS,GLN,0.06
54,LYS,ARG,0.03
54,LYS,SER,0.17
54,LYS,THR,-0.24
54,LYS,VAL,-0.52
54,LYS,TRP,0.18
54,LYS,TYR,-0.02
55,ILE,ALA,0.81
55,ILE,CYS,0.54
55,ILE,ASP,0.81
55,ILE,GLU,0.92
55,ILE,PHE,0.58
55,ILE,GLY,1.7
55,ILE,HIS,0.57
55,ILE,LYS,1.08
55,ILE,LEU,0.26
55,ILE,MET,0.53
55,ILE,ASN,0.7
55,ILE,PRO,-0.08
55,ILE,GLN,0.93
55,ILE,ARG,0.96
55,ILE,SER,0.64
55,ILE,THR,0.37
55,ILE,VAL,0.11
55,ILE,TRP,0.85
55,ILE,TYR,0.7
56,LEU,ALA,1.58
56,LEU,CYS,1.32
56,LEU,ASP,1.11
56,LEU,GLU,0.62
56,LEU,PHE,0.55
56,LEU,GLY,2.08
56,LEU,HIS,0.62
56,LEU,ILE,0.32
56,LEU,LYS,0.65
56,LEU,MET,0.78
56,LEU,ASN,1.24
56,LEU,PRO,0.75
56,LEU,GLN,0.75
56,LEU,ARG,0.65
56,LEU,SER,1.09
56,LEU,THR,0.68
56,LEU,VAL,0.38
56,LEU,TRP,0.48
56,LEU,TYR,0.38
58,GLU,ALA,0.27
58,GLU,CYS,0.07
58,GLU,ASP,0.59
58,GLU,PHE,-1.02
58,GLU,GLY,0.99
58,GLU,HIS,-0.58
58,GLU,ILE,-0.94
58,GLU,LYS,0.6
58,GLU,LEU,-0.64
58,GLU,MET,-0.79
58,GLU,ASN,0.13
58,GLU,PRO,1.87
58,GLU,GLN,0.04
58,GLU,ARG,-0.11
58,GLU,SER,0.26
58,GLU,THR,-0.2
58,GLU,VAL,-0.55
58,GLU,TRP,-0.74
58,GLU,TYR,-0.87
59,SER,ALA,0.69
59,SER,CYS,0.26
59,SER,ASP,0.96
59,SER,GLU,0.82
59,SER,PHE,-0.07
59,SER,GLY,0.79
59,SER,HIS,0.31
59,SER,ILE,-0.04
59,SER,LYS,0.82
59,SER,LEU,0.25
59,SER,MET,0.47
59,SER,ASN,0.8
59,SER,PRO,1.89
59,SER,GLN,0.46
59,SER,ARG,0.32
59,SER,THR,0.32
59,SER,VAL,-0.08
59,SER,TRP,0
59,SER,TYR,-0.06
60,PHE,ALA,2.65
60,PHE,CYS,2.2
60,PHE,ASP,2.52
60,PHE,GLU,2.73
60,PHE,GLY,3.44
60,PHE,HIS,1.49
60,PHE,ILE,1.36
60,PHE,LYS,2.24
60,PHE,LEU,1.93
60,PHE,MET,1.51
60,PHE,ASN,2.24
60,PHE,PRO,3.15
60,PHE,GLN,2.22
60,PHE,ARG,1.71
60,PHE,SER,2.31
60,PHE,THR,1.9
60,PHE,VAL,1.32
60,PHE,TRP,0.5
60,PHE,TYR,0.45
61,ARG,ALA,1.52
61,ARG,CYS,0.99
61,ARG,ASP,0.29
61,ARG,GLU,1.14
61,ARG,PHE,0.38
61,ARG,GLY,0.8
61,ARG,HIS,-0.12
61,ARG,ILE,1.54
61,ARG,LYS,0.71
61,ARG,LEU,0.83
61,ARG,MET,0.75
61,ARG,ASN,-0.24
61,ARG,PRO,1.53
61,ARG,GLN,0.87
61,ARG,SER,0.57
61,ARG,THR,1.3
61,ARG,VAL,1.51
61,ARG,TRP,0.43
61,ARG,TYR,0.26
62,PRO,ALA,1.17
62,PRO,CYS,0.64
62,PRO,ASP,1.13
62,PRO,GLU,1.58
62,PRO,PHE,0.34
62,PRO,GLY,1.22
62,PRO,HIS,0.62
62,PRO,ILE,0.69
62,PRO,LYS,1.44
62,PRO,LEU,0.51
62,PRO,MET,0.71
62,PRO,ASN,1.25
62,PRO,GLN,1.19
62,PRO,ARG,1.2
62,PRO,SER,1.06
62,PRO,THR,0.79
62,PRO,VAL,0.49
62,PRO,TRP,0.48
62,PRO,TYR,0.63
63,GLU,ALA,-0.11
63,GLU,CYS,-0.24
63,GLU,ASP,-0.51
63,GLU,PHE,-0.3
63,GLU,GLY,-0.1
63,GLU,HIS,-0.57
63,GLU,ILE,-0.16
63,GLU,LYS,-0.07
63,GLU,LEU,-0.32
63,GLU,MET,-0.3
63,GLU,ASN,-0.57
63,GLU,PRO,-0.01
63,GLU,GLN,-0.17
63,GLU,ARG,-0.14
63,GLU,SER,-0.4
63,GLU,THR,-0.46
63,GLU,VAL,-0.17
63,GLU,TRP,-0.02
63,GLU,TYR,-0.27
64,GLU,ALA,0.55
64,GLU,CYS,0.12
64,GLU,ASP,0.5
64,GLU,PHE,-0.4
64,GLU,GLY,0.68
64,GLU,HIS,-0.51
64,GLU,ILE,-0.37
64,GLU,LYS,0.11
64,GLU,LEU,-0.29
64,GLU,MET,-0.18
64,GLU,ASN,0.1
64,GLU,PRO,2.47
64,GLU,GLN,-0.3
64,GLU,ARG,-0.24
64,GLU,SER,0.34
64,GLU,THR,-0.04
64,GLU,VAL,-0.29
64,GLU,TRP,-0.35
64,GLU,TYR,-0.34
65,ARG,ALA,1.39
65,ARG,CYS,1.17
65,ARG,ASP,1.33
65,ARG,GLU,0.91
65,ARG,PHE,0.41
65,ARG,GLY,2.3
65,ARG,HIS,0.67
65,ARG,ILE,0.53
65,ARG,LYS,0.95
65,ARG,LEU,0.35
65,ARG,MET,0.57
65,ARG,ASN,1.2
65,ARG,PRO,0.26
65,ARG,GLN,0.95
65,ARG,SER,1.36
65,ARG,THR,0.81
65,ARG,VAL,0.64
65,ARG,TRP,-0.07
65,ARG,TYR,0.35
66,PHE,ALA,3.94
66,PHE,CYS,2.41
66,PHE,ASP,4.33
66,PHE,GLU,4.15
66,PHE,GLY,4.37
66,PHE,HIS,2.03
66,PHE,ILE,1.64
66,PHE,LYS,3.45
66,PHE,LEU,1.88
66,PHE,MET,1.7
66,PHE,ASN,3.19
66,PHE,PRO,3.78
66,PHE,GLN,3.06
66,PHE,ARG,2.33
66,PHE,SER,3.84
66,PHE,THR,2.66
66,PHE,VAL,1.93
66,PHE,TRP,0.79
66,PHE,TYR,0.7
67,PRO,ALA,2.46
67,PRO,CYS,1.56
67,PRO,ASP,1.77
67,PRO,GLU,2.83
67,PRO,PHE,1.33
67,PRO,GLY,2.82
67,PRO,HIS,1.24
67,PRO,ILE,1.65
67,PRO,LYS,2.7
67,PRO,LEU,1.85
67,PRO,MET,1.77
67,PRO,ASN,1.58
67,PRO,GLN,2.49
67,PRO,ARG,2.19
67,PRO,SER,1.91
67,PRO,THR,1.4
67,PRO,VAL,1.6
67,PRO,TRP,1.22
67,PRO,TYR,1.41
68,MET,ALA,2.48
68,MET,CYS,1.8
68,MET,ASP,3.12
68,MET,GLU,3.23
68,MET,PHE,0.74
68,MET,GLY,3.44
68,MET,HIS,1.65
68,MET,ILE,0.6
68,MET,LYS,2.48
68,MET,LEU,0.45
68,MET,ASN,2.77
68,MET,PRO,2.1
68,MET,GLN,2.22
68,MET,ARG,1.87
68,MET,SER,3.04
68,MET,THR,2.23
68,MET,VAL,1.06
68,MET,TRP,0.81
68,MET,TYR,0.93
69,MET,ALA,2.38
69,MET,CYS,1.48
69,MET,ASP,2.33
69,MET,GLU,2.56
69,MET,PHE,1.21
69,MET,GLY,2.42
69,MET,HIS,1.16
69,MET,ILE,1.03
69,MET,LYS,2.53
69,MET,LEU,1.48
69,MET,ASN,2.05
69,MET,PRO,3.15
69,MET,GLN,2.23
69,MET,ARG,1.71
69,MET,SER,2.42
69,MET,THR,2.08
69,MET,VAL,1.94
69,MET,TRP,0.63
69,MET,TYR,1.13
70,SER,ALA,1.05
70,SER,CYS,0.91
70,SER,ASP,1.44
70,SER,GLU,2.16
70,SER,PHE,1.1
70,SER,GLY,1.95
70,SER,HIS,1.05
70,SER,ILE,1.9
70,SER,LYS,2.31
70,SER,LEU,1.57
70,SER,MET,1.27
70,SER,ASN,1.24
70,SER,PRO,1.5
70,SER,GLN,1.76
70,SER,ARG,1.89
70,SER,THR,1.39
70,SER,VAL,1.99
70,SER,TRP,0.88
70,SER,TYR,1.29
71,THR,ALA,1.51
71,THR,CYS,0.51
71,THR,ASP,1.73
71,THR,GLU,2.22
71,THR,PHE,-0.41
71,THR,GLY,2.48
71,THR,HIS,0.51
71,THR,ILE,-0.21
71,THR,LYS,1.84
71,THR,LEU,-0.19
71,THR,MET,0
71,THR,ASN,1.22
71,THR,PRO,2.24
71,THR,GLN,1.03
71,THR,ARG,0.65
71,THR,SER,1.28
71,THR,VAL,0.43
71,THR,TRP,-0.74
71,THR,TYR,-0.53
72,PHE,ALA,2.2
72,PHE,CYS,1.82
72,PHE,ASP,2.97
72,PHE,GLU,3.29
72,PHE,GLY,3.21
72,PHE,HIS,1.86
72,PHE,ILE,1.87
72,PHE,LYS,2.81
72,PHE,LEU,1.29
72,PHE,MET,1.19
72,PHE,ASN,2.57
72,PHE,PRO,3.51
72,PHE,GLN,2.69
72,PHE,ARG,2.04
72,PHE,SER,2.58
72,PHE,THR,2.09
72,PHE,VAL,1.76
72,PHE,TRP,0.69
72,PHE,TYR,0.68
73,LYS,ALA,-0.04
73,LYS,CYS,-0.3
73,LYS,ASP,0.65
73,LYS,GLU,1.09
73,LYS,PHE,-1.49
73,LYS,GLY,1.2
73,LYS,HIS,-0.65
73,LYS,ILE,-0.99
73,LYS,LEU,-1.32
73,LYS,MET,-1.28
73,LYS,ASN,0.35
73,LYS,PRO,1.16
73,LYS,GLN,0.02
73,LYS,ARG,-0.22
73,LYS,SER,0.22
73,LYS,THR,-0.14
73,LYS,VAL,-0.78
73,LYS,TRP,-1.83
73,LYS,TYR,-1.78
74,VAL,ALA,2.43
74,VAL,CYS,1.19
74,VAL,ASP,2.74
74,VAL,GLU,2.42
74,VAL,PHE,0.48
74,VAL,GLY,3.02
74,VAL,HIS,1.28
74,VAL,ILE,0.45
74,VAL,LYS,2.39
74,VAL,LEU,0.53
74,VAL,MET,0.83
74,VAL,ASN,2.39
74,VAL,PRO,3.26
74,VAL,GLN,1.61
74,VAL,ARG,1.86
74,VAL,SER,2.22
74,VAL,THR,1.45
74,VAL,TRP,0.58
74,VAL,TYR,0.48
75,LEU,ALA,3.21
75,LEU,CYS,2.35
75,LEU,ASP,4.16
75,LEU,GLU,3.54
75,LEU,PHE,0.84
75,LEU,GLY,4.47
75,LEU,HIS,2.29
75,LEU,ILE,0.7
75,LEU,LYS,3.2
75,LEU,MET,1.03
75,LEU,ASN,3.45
75,LEU,PRO,3.47
75,LEU,GLN,2.78
75,LEU,ARG,2.32
75,LEU,SER,3.44
75,LEU,THR,2.85
75,LEU,VAL,1.36
75,LEU,TRP,1.1
75,LEU,TYR,0.86
76,LEU,ALA,2.91
76,LEU,CYS,2.15
76,LEU,ASP,4.05
76,LEU,GLU,2.95
76,LEU,PHE,1.74
76,LEU,GLY,3.96
76,LEU,HIS,2.6
76,LEU,ILE,1.15
76,LEU,LYS,3.32
76,LEU,MET,0.9
76,LEU,ASN,3.66
76,LEU,PRO,4.53
76,LEU,GLN,2.52
76,LEU,ARG,2.44
76,LEU,SER,3.6
76,LEU,THR,2.95
76,LEU,VAL,1.61
76,LEU,TRP,1.69
76,LEU,TYR,1.69
77,CYS,ALA,1.48
77,CYS,ASP,3.51
77,CYS,GLU,3.66
77,CYS,PHE,1.61
77,CYS,GLY,2.99
77,CYS,HIS,2.41
77,CYS,ILE,1.23
77,CYS,LYS,3.62
77,CYS,LEU,1.05
77,CYS,MET,1.07
77,CYS,ASN,2.68
77,CYS,PRO,3.93
77,CYS,GLN,2.87
77,CYS,ARG,2.88
77,CYS,SER,2.32
77,CYS,THR,2.07
77,CYS,VAL,1.47
77,CYS,TRP,1.17
77,CYS,TYR,1.43
78,GLY,ALA,-0.3
78,GLY,CYS,0.16
78,GLY,ASP,1.41
78,GLY,GLU,1.62
78,GLY,PHE,-0.15
78,GLY,HIS,0.73
78,GLY,ILE,0.68
78,GLY,LYS,1.55
78,GLY,LEU,0.09
78,GLY,MET,0.23
78,GLY,ASN,1
78,GLY,PRO,2.54
78,GLY,GLN,0.96
78,GLY,ARG,0.79
78,GLY,SER,0.65
78,GLY,THR,0.85
78,GLY,VAL,0.57
78,GLY,TRP,-0.27
78,GLY,TYR,-0.43
79,ALA,CYS,0.63
79,ALA,ASP,1.21
79,ALA,GLU,1.07
79,ALA,PHE,0.48
79,ALA,GLY,1.21
79,ALA,HIS,0.72
79,ALA,ILE,0.66
79,ALA,LYS,1.37
79,ALA,LEU,0.58
79,ALA,MET,0.32
79,ALA,ASN,1.27
79,ALA,PRO,0.79
79,ALA,GLN,0.87
79,ALA,ARG,1.08
79,ALA,SER,0.6
79,ALA,THR,1.09
79,ALA,VAL,0.69
79,ALA,TRP,0.23
79,ALA,TYR,0.5
80,VAL,ALA,2.59
80,VAL,CYS,2.08
80,VAL,ASP,3.89
80,VAL,GLU,3.32
80,VAL,PHE,0.66
80,VAL,GLY,3.83
80,VAL,HIS,2.42
80,VAL,ILE,0.71
80,VAL,LYS,2.87
80,VAL,LEU,0.6
80,VAL,MET,1.03
80,VAL,ASN,3.22
80,VAL,PRO,4.49
80,VAL,GLN,2.23
80,VAL,ARG,2.12
80,VAL,SER,3.23
80,VAL,THR,2.44
80,VAL,TRP,0.93
80,VAL,TYR,0.92
81,LEU,ALA,2.35
81,LEU,CYS,1.99
81,LEU,ASP,3.4
81,LEU,GLU,2.64
81,LEU,PHE,1.08
81,LEU,GLY,3.92
81,LEU,HIS,1.88
81,LEU,ILE,1.09
81,LEU,LYS,2.4
81,LEU,MET,0.97
81,LEU,ASN,2.67
81,LEU,PRO,3.82
81,LEU,GLN,1.93
81,LEU,ARG,1.56
81,LEU,SER,3.03
81,LEU,THR,2.55
81,LEU,VAL,1.55
81,LEU,TRP,0.94
81,LEU,TYR,1.07
82,SER,ALA,0.41
82,SER,CYS,0.47
82,SER,ASP,0.92
82,SER,GLU,0.89
82,SER,PHE,1.05
82,SER,GLY,1.16
82,SER,HIS,0.93
82,SER,ILE,0.85
82,SER,LYS,0.95
82,SER,LEU,0.51
82,SER,MET,0.33
82,SER,ASN,0.67
82,SER,PRO,1.38
82,SER,GLN,0.48
82,SER,ARG,0.48
82,SER,THR,0.86
82,SER,VAL,0.85
82,SER,TRP,0.67
82,SER,TYR,0.8
83,ARG,ALA,0.74
83,ARG,CYS,1.09
83,ARG,ASP,1.04
83,ARG,GLU,0.86
83,ARG,PHE,0.07
83,ARG,GLY,2.1
83,ARG,HIS,0.44
83,ARG,ILE,0.06
83,ARG,LYS,0.66
83,ARG,LEU,0
83,ARG,MET,0.18
83,ARG,ASN,1.19
83,ARG,PRO,1.36
83,ARG,GLN,0.43
83,ARG,SER,1.29
83,ARG,THR,0.71
83,ARG,VAL,0.44
83,ARG,TRP,0.24
83,ARG,TYR,0.13
84,VAL,ALA,1.88
84,VAL,CYS,1.54
84,VAL,ASP,2.14
84,VAL,GLU,1.66
84,VAL,PHE,0.83
84,VAL,GLY,2.91
84,VAL,HIS,1.09
84,VAL,ILE,0.39
84,VAL,LYS,1.65
84,VAL,LEU,0.27
84,VAL,MET,0.57
84,VAL,ASN,1.83
84,VAL,PRO,2.31
84,VAL,GLN,1.34
84,VAL,ARG,1.4
84,VAL,SER,2.25
84,VAL,THR,1.66
84,VAL,TRP,1.25
84,VAL,TYR,0.88
85,ASP,ALA,-0.25
85,ASP,CYS,0.18
85,ASP,GLU,-0.08
85,ASP,PHE,0.08
85,ASP,GLY,1.09
85,ASP,HIS,0.05
85,ASP,ILE,-0.29
85,ASP,LYS,-0.11
85,ASP,LEU,-0.41
85,ASP,MET,-0.36
85,ASP,ASN,0.41
85,ASP,PRO,0.54
85,ASP,GLN,-0.28
85,ASP,ARG,-0.11
85,ASP,SER,0.24
85,ASP,THR,0.2
85,ASP,VAL,-0.45
85,ASP,TRP,0.35
85,ASP,TYR,0.16
86,ALA,CYS,0.01
86,ALA,ASP,0.34
86,ALA,GLU,0.59
86,ALA,PHE,0.44
86,ALA,GLY,0.7
86,ALA,HIS,0.22
86,ALA,ILE,0.57
86,ALA,LYS,0.57
86,ALA,LEU,-0.04
86,ALA,MET,0.39
86,ALA,ASN,0.2
86,ALA,PRO,1.73
86,ALA,GLN,0.42
86,ALA,ARG,0.45
86,ALA,SER,0.02
86,ALA,THR,0.05
86,ALA,VAL,0.71
86,ALA,TRP,0.83
86,ALA,TYR,0.52
87,GLY,ALA,0.54
87,GLY,CYS,0.22
87,GLY,ASP,0.61
87,GLY,GLU,0.68
87,GLY,PHE,0.92
87,GLY,HIS,0.47
87,GLY,ILE,1.07
87,GLY,LYS,0.55
87,GLY,LEU,0.76
87,GLY,MET,0.7
87,GLY,ASN,0.37
87,GLY,PRO,1.38
87,GLY,GLN,0.5
87,GLY,ARG,0.47
87,GLY,SER,0.41
87,GLY,THR,0.84
87,GLY,VAL,1.02
87,GLY,TRP,1
87,GLY,TYR,1.04
88,GLN,ALA,0.29
88,GLN,CYS,0.17
88,GLN,ASP,0.1
88,GLN,GLU,-0.02
88,GLN,PHE,0.45
88,GLN,GLY,0.6
88,GLN,HIS,-0.05
88,GLN,ILE,0.23
88,GLN,LYS,-0.14
88,GLN,LEU,0.08
88,GLN,MET,0.07
88,GLN,ASN,0.03
88,GLN,PRO,0.85
88,GLN,ARG,-0.19
88,GLN,SER,0.2
88,GLN,THR,-0.05
88,GLN,VAL,0.2
88,GLN,TRP,0.49
88,GLN,TYR,0.34
89,GLU,ALA,1.09
89,GLU,CYS,0.12
89,GLU,ASP,0.98
89,GLU,PHE,-0.83
89,GLU,GLY,1.13
89,GLU,HIS,-0.18
89,GLU,ILE,-0.68
89,GLU,LYS,0.74
89,GLU,LEU,-0.9
89,GLU,MET,-0.49
89,GLU,ASN,0.75
89,GLU,PRO,2.44
89,GLU,GLN,0.4
89,GLU,ARG,0.09
89,GLU,SER,0.92
89,GLU,THR,0.13
89,GLU,VAL,-0.56
89,GLU,TRP,-0.69
89,GLU,TYR,-0.74
90,GLN,ALA,0.15
90,GLN,CYS,-0.32
90,GLN,ASP,-0.51
90,GLN,GLU,-0.03
90,GLN,PHE,0.11
90,GLN,GLY,-0.13
90,GLN,HIS,-0.33
90,GLN,ILE,-0.01
90,GLN,LYS,-0.04
90,GLN,LEU,0.17
90,GLN,MET,0.25
90,GLN,ASN,-0.51
90,GLN,PRO,0.18
90,GLN,ARG,0.03
90,GLN,SER,-0.4
90,GLN,THR,-0.45
90,GLN,VAL,-0.04
90,GLN,TRP,0
90,GLN,TYR,0.24
91,LEU,ALA,2.02
91,LEU,CYS,1.62
91,LEU,ASP,1.6
91,LEU,GLU,1.49
91,LEU,PHE,0.59
91,LEU,GLY,2.72
91,LEU,HIS,1.09
91,LEU,ILE,0.71
91,LEU,LYS,1.14
91,LEU,MET,1.02
91,LEU,ASN,1.58
91,LEU,PRO,0.62
91,LEU,GLN,1.49
91,LEU,ARG,1.24
91,LEU,SER,1.51
91,LEU,THR,1.21
91,LEU,VAL,0.94
91,LEU,TRP,0.2
91,LEU,TYR,0.71
92,GLY,ALA,0.19
92,GLY,CYS,0.36
92,GLY,ASP,-0.27
92,GLY,GLU,0.32
92,GLY,PHE,0.66
92,GLY,HIS,0.02
92,GLY,ILE,0.83
92,GLY,LYS,0.57
92,GLY,LEU,0.81
92,GLY,MET,0.8
92,GLY,ASN,-0.19
92,GLY,PRO,1.02
92,GLY,GLN,0.43
92,GLY,ARG,0.57
92,GLY,SER,-0.23
92,GLY,THR,-0.02
92,GLY,VAL,0.67
92,GLY,TRP,0.77
92,GLY,TYR,0.6
93,ARG,ALA,0.1
93,ARG,CYS,0.1
93,ARG,ASP,0.62
93,ARG,GLU,0.4
93,ARG,PHE,0.01
93,ARG,GLY,0.67
93,ARG,HIS,-0.01
93,ARG,ILE,-0.13
93,ARG,LYS,0.06
93,ARG,LEU,-0.19
93,ARG,MET,-0.01
93,ARG,ASN,0.36
93,ARG,PRO,1.11
93,ARG,GLN,0.07
93,ARG,SER,0.32
93,ARG,THR,0.16
93,ARG,VAL,0.01
93,ARG,TRP,0.15
93,ARG,TYR,0.3
94,ARG,ALA,0.95
94,ARG,CYS,0.45
94,ARG,ASP,0.65
94,ARG,GLU,0.65
94,ARG,PHE,0.42
94,ARG,GLY,1.01
94,ARG,HIS,0.04
94,ARG,ILE,0.04
94,ARG,LYS,0.31
94,ARG,LEU,0.34
94,ARG,MET,0.33
94,ARG,ASN,0.41
94,ARG,PRO,1.31
94,ARG,GLN,0.26
94,ARG,SER,0.42
94,ARG,THR,0.05
94,ARG,VAL,0.01
94,ARG,TRP,0.64
94,ARG,TYR,0.41
95,ILE,ALA,3.19
95,ILE,CYS,2.02
95,ILE,ASP,3.64
95,ILE,GLU,3.48
95,ILE,PHE,0.75
95,ILE,GLY,3.6
95,ILE,HIS,1.88
95,ILE,LYS,3.07
95,ILE,LEU,1.05
95,ILE,MET,1.62
95,ILE,ASN,2.92
95,ILE,PRO,3.31
95,ILE,GLN,2.68
95,ILE,ARG,2.53
95,ILE,SER,3.08
95,ILE,THR,2.2
95,ILE,VAL,1.08
95,ILE,TRP,1.15
95,ILE,TYR,1.29
96,HIS,ALA,0.38
96,HIS,CYS,0.06
96,HIS,ASP,0.31
96,HIS,GLU,-0.03
96,HIS,PHE,0.16
96,HIS,GLY,0.63
96,HIS,ILE,-0.15
96,HIS,LYS,-0.02
96,HIS,LEU,-0.08
96,HIS,MET,-0.02
96,HIS,ASN,0.19
96,HIS,PRO,1
96,HIS,GLN,-0.1
96,HIS,ARG,0
96,HIS,SER,0.17
96,HIS,THR,-0.05
96,HIS,VAL,-0.13
96,HIS,TRP,0.28
96,HIS,TYR,-0.01
97,TYR,ALA,3.45
97,TYR,CYS,2.53
97,TYR,ASP,3.19
97,TYR,GLU,3.57
97,TYR,PHE,0.69
97,TYR,GLY,3.99
97,TYR,HIS,2.23
97,TYR,ILE,1.34
97,TYR,LYS,3.14
97,TYR,LEU,1.35
97,TYR,MET,1.56
97,TYR,ASN,2.89
97,TYR,PRO,4.1
97,TYR,GLN,2.84
97,TYR,ARG,2.52
97,TYR,SER,3.22
97,TYR,THR,2.36
97,TYR,VAL,2
97,TYR,TRP,0.64
98,SER,ALA,1.21
98,SER,CYS,0.69
98,SER,ASP,0.22
98,SER,GLU,0.97
98,SER,PHE,0.77
98,SER,GLY,1.32
98,SER,HIS,0.49
98,SER,ILE,0.82
98,SER,LYS,0.82
98,SER,LEU,1.23
98,SER,MET,1.31
98,SER,ASN,0.39
98,SER,PRO,1.72
98,SER,GLN,0.83
98,SER,ARG,0.85
98,SER,THR,0.17
98,SER,VAL,0.78
98,SER,TRP,0.75
98,SER,TYR,0.71
99,GLN,ALA,-0.43
99,GLN,CYS,-0.11
99,GLN,ASP,-0.21
99,GLN,GLU,-0.31
99,GLN,PHE,0.05
99,GLN,GLY,0.52
99,GLN,HIS,-0.09
99,GLN,ILE,-0.23
99,GLN,LYS,-0.21
99,GLN,LEU,-0.24
99,GLN,MET,0.06
99,GLN,ASN,0.07
99,GLN,PRO,-0.79
99,GLN,ARG,-0.15
99,GLN,SER,-0.11
99,GLN,THR,0.01
99,GLN,VAL,-0.32
99,GLN,TRP,-0.01
99,GLN,TYR,0.02
100,ASN,ALA,-0.17
100,ASN,CYS,0.06
100,ASN,ASP,-0.21
100,ASN,GLU,-0.19
100,ASN,PHE,0.54
100,ASN,GLY,0.18
100,ASN,HIS,0
100,ASN,ILE,0.44
100,ASN,LYS,0.12
100,ASN,LEU,0.37
100,ASN,MET,0.34
100,ASN,PRO,0.27
100,ASN,GLN,0.06
100,ASN,ARG,0.28
100,ASN,SER,-0.37
100,ASN,THR,-0.2
100,ASN,VAL,0.11
100,ASN,TRP,0.61
100,ASN,TYR,0.46
101,ASP,ALA,0.31
101,ASP,CYS,0.45
101,ASP,GLU,0.58
101,ASP,PHE,0.12
101,ASP,GLY,0.51
101,ASP,HIS,-0.06
101,ASP,ILE,0.39
101,ASP,LYS,0.51
101,ASP,LEU,-0.05
101,ASP,MET,0.1
101,ASP,ASN,-0.18
101,ASP,PRO,1.78
101,ASP,GLN,0.16
101,ASP,ARG,0.29
101,ASP,SER,0.31
101,ASP,THR,-0.13
101,ASP,VAL,0.26
101,ASP,TRP,0.48
101,ASP,TYR,0.22
102,LEU,ALA,1.37
102,LEU,CYS,0.58
102,LEU,ASP,1.37
102,LEU,GLU,1.16
102,LEU,PHE,0.14
102,LEU,GLY,1.5
102,LEU,HIS,0.59
102,LEU,ILE,0.21
102,LEU,LYS,0.86
102,LEU,MET,0.56
102,LEU,ASN,1.23
102,LEU,PRO,2.19
102,LEU,GLN,0.85
102,LEU,ARG,0.42
102,LEU,SER,1.43
102,LEU,THR,1.27
102,LEU,VAL,0.35
102,LEU,TRP,-0.13
102,LEU,TYR,0.38
103,VAL,ALA,2.02
103,VAL,CYS,1.22
103,VAL,ASP,1.76
103,VAL,GLU,1.58
103,VAL,PHE,0.46
103,VAL,GLY,2.05
103,VAL,HIS,0.5
103,VAL,ILE,0.97
103,VAL,LYS,1.18
103,VAL,LEU,1
103,VAL,MET,0.99
103,VAL,ASN,1.19
103,VAL,PRO,1.52
103,VAL,GLN,0.85
103,VAL,ARG,0.81
103,VAL,SER,1.68
103,VAL,THR,0.57
103,VAL,TRP,0.68
103,VAL,TYR,0.42
104,GLU,ALA,0.06
104,GLU,CYS,0.16
104,GLU,ASP,0.11
104,GLU,PHE,0.34
104,GLU,GLY,0.44
104,GLU,HIS,0.19
104,GLU,ILE,-0.01
104,GLU,LYS,0.06
104,GLU,LEU,0.05
104,GLU,MET,0.11
104,GLU,ASN,0.11
104,GLU,PRO,-0.27
104,GLU,GLN,-0.07
104,GLU,ARG,0.06
104,GLU,SER,0.17
104,GLU,THR,0.14
104,GLU,VAL,-0.04
104,GLU,TRP,0.35
104,GLU,TYR,0.3
105,TYR,ALA,1.14
105,TYR,CYS,0.54
105,TYR,ASP,0.6
105,TYR,GLU,0.82
105,TYR,PHE,-0.05
105,TYR,GLY,-0.3
105,TYR,HIS,0.04
105,TYR,ILE,0.99
105,TYR,LYS,0.47
105,TYR,LEU,0.57
105,TYR,MET,0.51
105,TYR,ASN,-0.07
105,TYR,PRO,1.33
105,TYR,GLN,0.55
105,TYR,ARG,0.49
105,TYR,SER,0.91
105,TYR,THR,1
105,TYR,VAL,0.91
105,TYR,TRP,0.27
106,SER,ALA,1.63
106,SER,CYS,0.7
106,SER,ASP,1.17
106,SER,GLU,2.15
106,SER,PHE,1.11
106,SER,GLY,1.77
106,SER,HIS,1.04
106,SER,ILE,1.35
106,SER,LYS,1.99
106,SER,LEU,1.59
106,SER,MET,1
106,SER,ASN,0.8
106,SER,PRO,2.51
106,SER,GLN,1.5
106,SER,ARG,1.43
106,SER,THR,0.74
106,SER,VAL,1.39
106,SER,TRP,0.69
106,SER,TYR,0.83
107,PRO,ALA,1.33
107,PRO,CYS,1.45
107,PRO,ASP,0.72
107,PRO,GLU,0.77
107,PRO,PHE,0.85
107,PRO,GLY,1.87
107,PRO,HIS,0.72
107,PRO,ILE,1.18
107,PRO,LYS,1.15
107,PRO,LEU,0.89
107,PRO,MET,0.89
107,PRO,ASN,0.74
107,PRO,GLN,0.93
107,PRO,ARG,0.81
107,PRO,SER,1.24
107,PRO,THR,1.07
107,PRO,VAL,1.34
107,PRO,TRP,0.55
107,PRO,TYR,0.54
108,VAL,ALA,0.98
108,VAL,CYS,1.08
108,VAL,ASP,0.95
108,VAL,GLU,0.6
108,VAL,PHE,0.35
108,VAL,GLY,1.99
108,VAL,HIS,0.46
108,VAL,ILE,0.43
108,VAL,LYS,1.06
108,VAL,LEU,0.22
108,VAL,MET,0.06
108,VAL,ASN,1.05
108,VAL,PRO,1.22
108,VAL,GLN,0.6
108,VAL,ARG,0.52
108,VAL,SER,0.96
108,VAL,THR,0.61
108,VAL,TRP,-0.12
108,VAL,TYR,0.04
109,THR,ALA,1.35
109,THR,CYS,0.39
109,THR,ASP,1.84
109,THR,GLU,1.46
109,THR,PHE,-0.13
109,THR,GLY,2.07
109,THR,HIS,0.39
109,THR,ILE,0.02
109,THR,LYS,1.14
109,THR,LEU,-0.31
109,THR,MET,0.03
109,THR,ASN,1.11
109,THR,PRO,1.52
109,THR,GLN,0.87
109,THR,ARG,0.38
109,THR,SER,1.08
109,THR,VAL,-0.02
109,THR,TRP,-0.11
109,THR,TYR,-0.23
110,GLU,ALA,-0.04
110,GLU,CYS,0.27
110,GLU,ASP,0.6
110,GLU,PHE,0.34
110,GLU,GLY,1.04
110,GLU,HIS,0.22
110,GLU,ILE,-0.21
110,GLU,LYS,-0.09
110,GLU,LEU,-0.2
110,GLU,MET,0.04
110,GLU,ASN,0.49
110,GLU,PRO,0.93
110,GLU,GLN,-0.11
110,GLU,ARG,-0.05
110,GLU,SER,0.54
110,GLU,THR,0.48
110,GLU,VAL,0.04
110,GLU,TRP,0.43
110,GLU,TYR,0.35
111,LYS,ALA,0.05
111,LYS,CYS,0.07
111,LYS,ASP,0.17
111,LYS,GLU,-0.1
111,LYS,PHE,0.27
111,LYS,GLY,0.44
111,LYS,HIS,-0.11
111,LYS,ILE,0.01
111,LYS,LEU,-0.03
111,LYS,MET,0.03
111,LYS,ASN,-0.05
111,LYS,PRO,0.26
111,LYS,GLN,-0.07
111,LYS,ARG,-0.03
111,LYS,SER,-0.05
111,LYS,THR,-0.03
111,LYS,VAL,0
111,LYS,TRP,0.3
111,LYS,TYR,-0.02
112,HIS,ALA,1.7
112,HIS,CYS,1.17
112,HIS,ASP,1.64
112,HIS,GLU,1.53
112,HIS,PHE,0.45
112,HIS,GLY,2.03
112,HIS,ILE,0.9
112,HIS,LYS,1.37
112,HIS,LEU,0.65
112,HIS,MET,0.71
112,HIS,ASN,1.36
112,HIS,PRO,3.06
112,HIS,GLN,1.13
112,HIS,ARG,1.07
112,HIS,SER,1.79
112,HIS,THR,1.58
112,HIS,VAL,1.43
112,HIS,TRP,0.73
112,HIS,TYR,0.4
113,LEU,ALA,2.07
113,LEU,CYS,1.6
113,LEU,ASP,2.04
113,LEU,GLU,2.03
113,LEU,PHE,0.69
113,LEU,GLY,2.65
113,LEU,HIS,1.42
113,LEU,ILE,0.55
113,LEU,LYS,1.55
113,LEU,MET,1.08
113,LEU,ASN,2.06
113,LEU,PRO,1.56
113,LEU,GLN,1.46
113,LEU,ARG,1.19
113,LEU,SER,2.05
113,LEU,THR,1.84
113,LEU,VAL,0.88
113,LEU,TRP,0.91
113,LEU,TYR,1.02
114,THR,ALA,-0.12
114,THR,CYS,-0.08
114,THR,ASP,0.01
114,THR,GLU,-0.11
114,THR,PHE,0.22
114,THR,GLY,0.45
114,THR,HIS,0
114,THR,ILE,-0.01
114,THR,LYS,-0.04
114,THR,LEU,0.07
114,THR,MET,0.33
114,THR,ASN,0.06
114,THR,PRO,-0.71
114,THR,GLN,0
114,THR,ARG,0.08
114,THR,SER,-0.09
114,THR,VAL,-0.24
114,THR,TRP,0.26
114,THR,TYR,0.05
115,ASP,ALA,0.39
115,ASP,CYS,0.25
115,ASP,GLU,0.27
115,ASP,PHE,0.33
115,ASP,GLY,0.46
115,ASP,HIS,0.11
115,ASP,ILE,0.33
115,ASP,LYS,0.31
115,ASP,LEU,0.15
115,ASP,MET,0.24
115,ASP,ASN,-0.12
115,ASP,PRO,0.66
115,ASP,GLN,0.27
115,ASP,ARG,0.25
115,ASP,SER,0.23
115,ASP,THR,0.27
115,ASP,VAL,0.42
115,ASP,TRP,0.51
115,ASP,TYR,0.25
116,GLY,ALA,3.22
116,GLY,CYS,2.35
116,GLY,ASP,3.13
116,GLY,GLU,3.37
116,GLY,PHE,2.16
116,GLY,HIS,2.17
116,GLY,ILE,2.44
116,GLY,LYS,2.92
116,GLY,LEU,2.53
116,GLY,MET,2.22
116,GLY,ASN,2.67
116,GLY,PRO,4.49
116,GLY,GLN,2.72
116,GLY,ARG,2.75
116,GLY,SER,2.96
116,GLY,THR,2.86
116,GLY,VAL,2.88
116,GLY,TRP,1.98
116,GLY,TYR,2.17
117,MET,ALA,3.07
117,MET,CYS,1.61
117,MET,ASP,3.1
117,MET,GLU,2.79
117,MET,PHE,0.76
117,MET,GLY,4.2
117,MET,HIS,1.7
117,MET,ILE,0.5
117,MET,LYS,2.26
117,MET,LEU,0.8
117,MET,ASN,2.79
117,MET,PRO,3.52
117,MET,GLN,2.26
117,MET,ARG,2.13
117,MET,SER,3.07
117,MET,THR,2.03
117,MET,VAL,1.04
117,MET,TRP,1.23
117,MET,TYR,1.09
118,THR,ALA,1.94
118,THR,CYS,1.22
118,THR,ASP,0.99
118,THR,GLU,1.71
118,THR,PHE,1.18
118,THR,GLY,2
118,THR,HIS,1.12
118,THR,ILE,1.2
118,THR,LYS,1.81
118,THR,LEU,1.18
118,THR,MET,1.24
118,THR,ASN,1.06
118,THR,PRO,0.48
118,THR,GLN,1.7
118,THR,ARG,1.73
118,THR,SER,1.24
118,THR,VAL,1.29
118,THR,TRP,0.95
118,THR,TYR,1.25
119,VAL,ALA,2.83
119,VAL,CYS,1.77
119,VAL,ASP,3.14
119,VAL,GLU,2.93
119,VAL,PHE,1.08
119,VAL,GLY,3.21
119,VAL,HIS,2.37
119,VAL,ILE,0.81
119,VAL,LYS,3.02
119,VAL,LEU,0.84
119,VAL,MET,1.24
119,VAL,ASN,2.92
119,VAL,PRO,1.67
119,VAL,GLN,2.36
119,VAL,ARG,2.1
119,VAL,SER,2.61
119,VAL,THR,1.97
119,VAL,TRP,1.33
119,VAL,TYR,1.24
120,ARG,ALA,0.69
120,ARG,CYS,1.14
120,ARG,ASP,0.38
120,ARG,GLU,0.04
120,ARG,PHE,0.65
120,ARG,GLY,1.33
120,ARG,HIS,0.36
120,ARG,ILE,0.69
120,ARG,LYS,0.31
120,ARG,LEU,0.44
120,ARG,MET,0.49
120,ARG,ASN,0.66
120,ARG,PRO,0.86
120,ARG,GLN,0.22
120,ARG,SER,0.64
120,ARG,THR,0.6
120,ARG,VAL,0.72
120,ARG,TRP,0.61
120,ARG,TYR,0.71
121,GLU,ALA,1.03
121,GLU,CYS,1.61
121,GLU,ASP,0.94
121,GLU,PHE,0.94
121,GLU,GLY,1.78
121,GLU,HIS,0.71
121,GLU,ILE,1.06
121,GLU,LYS,0.67
121,GLU,LEU,0.89
121,GLU,MET,0.95
121,GLU,ASN,1.08
121,GLU,PRO,1.9
121,GLU,GLN,0.45
121,GLU,ARG,0.55
121,GLU,SER,1.38
121,GLU,THR,1.17
121,GLU,VAL,1.27
121,GLU,TRP,1.02
121,GLU,TYR,0.95
122,LEU,ALA,2.86
122,LEU,CYS,2.38
122,LEU,ASP,4.1
122,LEU,GLU,3.39
122,LEU,PHE,1.37
122,LEU,GLY,3.99
122,LEU,HIS,2.73
122,LEU,ILE,0.93
122,LEU,LYS,2.93
122,LEU,MET,1.15
122,LEU,ASN,3.67
122,LEU,PRO,4.28
122,LEU,GLN,2.71
122,LEU,ARG,2.33
122,LEU,SER,3.74
122,LEU,THR,2.93
122,LEU,VAL,1.6
122,LEU,TRP,1.09
122,LEU,TYR,1.28
123,CYS,ALA,1.97
123,CYS,ASP,3.75
123,CYS,GLU,3.33
123,CYS,PHE,1.39
123,CYS,GLY,3.84
123,CYS,HIS,2.43
123,CYS,ILE,0.92
123,CYS,LYS,3.7
123,CYS,LEU,1.05
123,CYS,MET,1.24
123,CYS,ASN,3.05
123,CYS,PRO,3.53
123,CYS,GLN,2.98
123,CYS,ARG,2.66
123,CYS,SER,2.91
123,CYS,THR,2.42
123,CYS,VAL,1.42
123,CYS,TRP,1.48
123,CYS,TYR,1.38
124,SER,ALA,0.12
124,SER,CYS,0.76
124,SER,ASP,0.46
124,SER,GLU,0.26
124,SER,PHE,0.71
124,SER,GLY,0.87
124,SER,HIS,0.58
124,SER,ILE,0.5
124,SER,LYS,0.25
124,SER,LEU,0.27
124,SER,MET,0.39
124,SER,ASN,0.5
124,SER,PRO,1.3
124,SER,GLN,0.07
124,SER,ARG,0.3
124,SER,THR,0.45
124,SER,VAL,0.63
124,SER,TRP,0.56
124,SER,TYR,0.71
125,ALA,CYS,0.6
125,ALA,ASP,0.96
125,ALA,GLU,0.96
125,ALA,PHE,0.39
125,ALA,GLY,1.11
125,ALA,HIS,0.71
125,ALA,ILE,0.22
125,ALA,LYS,1.1
125,ALA,LEU,0.23
125,ALA,MET,0.29
125,ALA,ASN,0.92
125,ALA,PRO,1.66
125,ALA,GLN,0.74
125,ALA,ARG,0.62
125,ALA,SER,0.68
125,ALA,THR,0.64
125,ALA,VAL,0.5
125,ALA,TRP,-0.06
125,ALA,TYR,0.35
126,ALA,CYS,0.08
126,ALA,ASP,2.15
126,ALA,GLU,1.82
126,ALA,PHE,-0.12
126,ALA,GLY,2
126,ALA,HIS,0.91
126,ALA,ILE,-0.33
126,ALA,LYS,1.98
126,ALA,LEU,0
126,ALA,MET,-0.1
126,ALA,ASN,2
126,ALA,PRO,3
126,ALA,GLN,1.2
126,ALA,ARG,1.27
126,ALA,SER,1.52
126,ALA,THR,1.18
126,ALA,VAL,0.13
126,ALA,TRP,-0.32
126,ALA,TYR,-0.2
127,ILE,ALA,2.69
127,ILE,CYS,1.76
127,ILE,ASP,3.39
127,ILE,GLU,2.31
127,ILE,PHE,0.58
127,ILE,GLY,3.77
127,ILE,HIS,1.28
127,ILE,LYS,1.92
127,ILE,LEU,0.59
127,ILE,MET,0.83
127,ILE,ASN,2.36
127,ILE,PRO,3.34
127,ILE,GLN,1.71
127,ILE,ARG,1.08
127,ILE,SER,2.94
127,ILE,THR,2.37
127,ILE,VAL,1.4
127,ILE,TRP,0.45
127,ILE,TYR,0.58
128,THR,ALA,1.27
128,THR,CYS,0.62
128,THR,ASP,0.86
128,THR,GLU,0.32
128,THR,PHE,0.31
128,THR,GLY,2.11
128,THR,HIS,0.5
128,THR,ILE,0.28
128,THR,LYS,0.42
128,THR,LEU,0.14
128,THR,MET,0.07
128,THR,ASN,0.36
128,THR,PRO,1.29
128,THR,GLN,0.29
128,THR,ARG,0.2
128,THR,SER,1.16
128,THR,VAL,0.57
128,THR,TRP,0.35
128,THR,TYR,0.29
129,MET,ALA,1.25
129,MET,CYS,1.33
129,MET,ASP,1.17
129,MET,GLU,0.96
129,MET,PHE,0.56
129,MET,GLY,2.06
129,MET,HIS,0.44
129,MET,ILE,1.16
129,MET,LYS,1.09
129,MET,LEU,0.7
129,MET,ASN,0.55
129,MET,PRO,2.15
129,MET,GLN,0.77
129,MET,ARG,0.81
129,MET,SER,1.23
129,MET,THR,0.6
129,MET,VAL,1.3
129,MET,TRP,0.63
129,MET,TYR,0.53
130,SER,ALA,0.59
130,SER,CYS,-0.36
130,SER,ASP,0.74
130,SER,GLU,1.09
130,SER,PHE,0.1
130,SER,GLY,-0.6
130,SER,HIS,0.19
130,SER,ILE,0.77
130,SER,LYS,0.83
130,SER,LEU,0.33
130,SER,MET,0.07
130,SER,ASN,-0.05
130,SER,PRO,2.25
130,SER,GLN,0.4
130,SER,ARG,0.51
130,SER,THR,0.9
130,SER,VAL,0.94
130,SER,TRP,0.1
130,SER,TYR,0.21
131,ASP,ALA,1.35
131,ASP,CYS,-0.15
131,ASP,GLU,1.96
131,ASP,PHE,0.08
131,ASP,GLY,2.07
131,ASP,HIS,0.56
131,ASP,ILE,0.16
131,ASP,LYS,2.18
131,ASP,LEU,0.66
131,ASP,MET,0.25
131,ASP,ASN,1.15
131,ASP,PRO,0.59
131,ASP,GLN,1.63
131,ASP,ARG,1.72
131,ASP,SER,1.08
131,ASP,THR,0.56
131,ASP,VAL,0.18
131,ASP,TRP,0.28
131,ASP,TYR,-0.09
132,ASN,ALA,1.33
132,ASN,CYS,0.54
132,ASN,ASP,0.96
132,ASN,GLU,0.63
132,ASN,PHE,0.24
132,ASN,GLY,2.09
132,ASN,HIS,0.43
132,ASN,ILE,0.47
132,ASN,LYS,0.68
132,ASN,LEU,0.39
132,ASN,MET,0.49
132,ASN,PRO,-0.29
132,ASN,GLN,0.57
132,ASN,ARG,0.47
132,ASN,SER,0.8
132,ASN,THR,0.32
132,ASN,VAL,0.28
132,ASN,TRP,-0.01
132,ASN,TYR,0.45
133,THR,ALA,1.31
133,THR,CYS,0.63
133,THR,ASP,1.39
133,THR,GLU,1.66
133,THR,PHE,0.36
133,THR,GLY,2.6
133,THR,HIS,0.76
133,THR,ILE,0.39
133,THR,LYS,1.62
133,THR,LEU,0.52
133,THR,MET,0.34
133,THR,ASN,1.49
133,THR,PRO,1.93
133,THR,GLN,1.49
133,THR,ARG,1.1
133,THR,SER,1.25
133,THR,VAL,0.08
133,THR,TRP,0.01
133,THR,TYR,0.12
134,ALA,CYS,-0.09
134,ALA,ASP,2.82
134,ALA,GLU,2.86
134,ALA,PHE,0.1
134,ALA,GLY,2.4
134,ALA,HIS,1.69
134,ALA,ILE,0.39
134,ALA,LYS,2.72
134,ALA,LEU,0.11
134,ALA,MET,0.01
134,ALA,ASN,2.35
134,ALA,PRO,2.72
134,ALA,GLN,1.91
134,ALA,ARG,1.61
134,ALA,SER,1.58
134,ALA,THR,1.35
134,ALA,VAL,0.11
134,ALA,TRP,0.17
134,ALA,TYR,0.38
135,ALA,CYS,0.14
135,ALA,ASP,2.2
135,ALA,GLU,1.82
135,ALA,PHE,0.39
135,ALA,GLY,1.5
135,ALA,HIS,1.07
135,ALA,ILE,0.17
135,ALA,LYS,1.64
135,ALA,LEU,0.35
135,ALA,MET,0.31
135,ALA,ASN,1.83
135,ALA,PRO,3.14
135,ALA,GLN,1.08
135,ALA,ARG,1.01
135,ALA,SER,1.4
135,ALA,THR,1.31
135,ALA,VAL,0.09
135,ALA,TRP,0.41
135,ALA,TYR,0.51
136,ASN,ALA,0.75
136,ASN,CYS,0.18
136,ASN,ASP,1.05
136,ASN,GLU,0.75
136,ASN,PHE,0.02
136,ASN,GLY,1.35
136,ASN,HIS,0.28
136,ASN,ILE,0.09
136,ASN,LYS,0.46
136,ASN,LEU,-0.06
136,ASN,MET,0.12
136,ASN,PRO,1.43
136,ASN,GLN,0.14
136,ASN,ARG,0.05
136,ASN,SER,0.84
136,ASN,THR,0.49
136,ASN,VAL,0.07
136,ASN,TRP,-0.25
136,ASN,TYR,-0.05
137,LEU,ALA,2.27
137,LEU,CYS,1.67
137,LEU,ASP,2.19
137,LEU,GLU,1.35
137,LEU,PHE,0.43
137,LEU,GLY,3.19
137,LEU,HIS,0.86
137,LEU,ILE,1.1
137,LEU,LYS,1.13
137,LEU,MET,0.85
137,LEU,ASN,1.95
137,LEU,PRO,2.6
137,LEU,GLN,1.05
137,LEU,ARG,0.53
137,LEU,SER,2.46
137,LEU,THR,1.65
137,LEU,VAL,1.42
137,LEU,TRP,0.27
137,LEU,TYR,0.27
138,LEU,ALA,2.87
138,LEU,CYS,1.83
138,LEU,ASP,4.5
138,LEU,GLU,3.84
138,LEU,PHE,1.74
138,LEU,GLY,4.41
138,LEU,HIS,2.78
138,LEU,ILE,0.89
138,LEU,LYS,3.79
138,LEU,MET,1.35
138,LEU,ASN,3.7
138,LEU,PRO,4.08
138,LEU,GLN,3.25
138,LEU,ARG,2.67
138,LEU,SER,3.53
138,LEU,THR,2.86
138,LEU,VAL,1.52
138,LEU,TRP,1.66
138,LEU,TYR,1.76
139,LEU,ALA,2.49
139,LEU,CYS,1.89
139,LEU,ASP,3.04
139,LEU,GLU,2.27
139,LEU,PHE,1.38
139,LEU,GLY,3.57
139,LEU,HIS,1.82
139,LEU,ILE,1.3
139,LEU,LYS,2.33
139,LEU,MET,0.85
139,LEU,ASN,2.73
139,LEU,PRO,3.31
139,LEU,GLN,2.07
139,LEU,ARG,1.57
139,LEU,SER,2.42
139,LEU,THR,2.23
139,LEU,VAL,1.64
139,LEU,TRP,1.19
139,LEU,TYR,1.07
140,THR,ALA,-0.64
140,THR,CYS,-0.04
140,THR,ASP,0.03
140,THR,GLU,-0.4
140,THR,PHE,-0.11
140,THR,GLY,0.32
140,THR,HIS,-0.06
140,THR,ILE,-0.25
140,THR,LYS,-0.52
140,THR,LEU,-0.22
140,THR,MET,-0.17
140,THR,ASN,0.06
140,THR,PRO,0.27
140,THR,GLN,-0.52
140,THR,ARG,-0.41
140,THR,SER,-0.08
140,THR,VAL,-0.12
140,THR,TRP,0.04
140,THR,TYR,-0.01
141,THR,ALA,0.63
141,THR,CYS,1.2
141,THR,ASP,1.11
141,THR,GLU,0.84
141,THR,PHE,0.83
141,THR,GLY,1.89
141,THR,HIS,0.97
141,THR,ILE,0.72
141,THR,LYS,0.87
141,THR,LEU,0.4
141,THR,MET,0.21
141,THR,ASN,1.17
141,THR,PRO,1.15
141,THR,GLN,0.49
141,THR,ARG,0.51
141,THR,SER,0.96
141,THR,VAL,0.77
141,THR,TRP,0.56
141,THR,TYR,0.74
142,ILE,ALA,1.99
142,ILE,CYS,1.33
142,ILE,ASP,2.18
142,ILE,GLU,2.36
142,ILE,PHE,0.43
142,ILE,GLY,2.97
142,ILE,HIS,1.14
142,ILE,LYS,2.05
142,ILE,LEU,0.34
142,ILE,MET,0.42
142,ILE,ASN,1.82
142,ILE,PRO,3.21
142,ILE,GLN,1.74
142,ILE,ARG,1.53
142,ILE,SER,2.11
142,ILE,THR,1.43
142,ILE,VAL,1.06
142,ILE,TRP,0.83
142,ILE,TYR,0.64
143,GLY,ALA,1.71
143,GLY,CYS,1.29
143,GLY,ASP,1.56
143,GLY,GLU,1.91
143,GLY,PHE,1.98
143,GLY,HIS,1.36
143,GLY,ILE,2.58
143,GLY,LYS,1.59
143,GLY,LEU,2.07
143,GLY,MET,1.92
143,GLY,ASN,1.21
143,GLY,PRO,3.53
143,GLY,GLN,1.43
143,GLY,ARG,1.51
143,GLY,SER,1.51
143,GLY,THR,2.11
143,GLY,VAL,2.52
143,GLY,TRP,1.97
143,GLY,TYR,2.05
144,GLY,ALA,1.76
144,GLY,CYS,1.69
144,GLY,ASP,2.02
144,GLY,GLU,2.41
144,GLY,PHE,1.82
144,GLY,HIS,1.84
144,GLY,ILE,2
144,GLY,LYS,2.48
144,GLY,LEU,2.13
144,GLY,MET,1.89
144,GLY,ASN,2.28
144,GLY,PRO,3.06
144,GLY,GLN,2.34
144,GLY,ARG,2.25
144,GLY,SER,1.59
144,GLY,THR,1.95
144,GLY,VAL,2.12
144,GLY,TRP,1.71
144,GLY,TYR,1.97
145,PRO,ALA,1.73
145,PRO,CYS,0.88
145,PRO,ASP,1.74
145,PRO,GLU,1.64
145,PRO,PHE,0.67
145,PRO,GLY,2.33
145,PRO,HIS,1.16
145,PRO,ILE,0.48
145,PRO,LYS,2.02
145,PRO,LEU,0.43
145,PRO,MET,0.7
145,PRO,ASN,1.47
145,PRO,GLN,1.43
145,PRO,ARG,1.27
145,PRO,SER,1.55
145,PRO,THR,1.41
145,PRO,VAL,0.38
145,PRO,TRP,0.73
145,PRO,TYR,0.83
146,LYS,ALA,0.05
146,LYS,CYS,0.22
146,LYS,ASP,0.07
146,LYS,GLU,-0.24
146,LYS,PHE,0.31
146,LYS,GLY,0.67
146,LYS,HIS,0.1
146,LYS,ILE,0.27
146,LYS,LEU,0.17
146,LYS,MET,0.33
146,LYS,ASN,0.1
146,LYS,PRO,0.66
146,LYS,GLN,-0.21
146,LYS,ARG,-0.04
146,LYS,SER,0.3
146,LYS,THR,0.3
146,LYS,VAL,0.22
146,LYS,TRP,0.4
146,LYS,TYR,0.21
147,GLU,ALA,-0.04
147,GLU,CYS,0.47
147,GLU,ASP,0.39
147,GLU,PHE,0.69
147,GLU,GLY,1.41
147,GLU,HIS,0.33
147,GLU,ILE,0.21
147,GLU,LYS,0.25
147,GLU,LEU,0.04
147,GLU,MET,0.2
147,GLU,ASN,0.46
147,GLU,PRO,1.13
147,GLU,GLN,-0.08
147,GLU,ARG,0.28
147,GLU,SER,0.52
147,GLU,THR,0.3
147,GLU,VAL,0.22
147,GLU,TRP,0.71
147,GLU,TYR,0.43
148,LEU,ALA,2.85
148,LEU,CYS,2.22
148,LEU,ASP,3.57
148,LEU,GLU,2.57
148,LEU,PHE,1.6
148,LEU,GLY,4.08
148,LEU,HIS,2.34
148,LEU,ILE,1.04
148,LEU,LYS,2.32
148,LEU,MET,1.26
148,LEU,ASN,2.93
148,LEU,PRO,3.27
148,LEU,GLN,1.98
148,LEU,ARG,2.02
148,LEU,SER,3.3
148,LEU,THR,2.32
148,LEU,VAL,1.43
148,LEU,TRP,1.61
148,LEU,TYR,1.56
149,THR,ALA,0.44
149,THR,CYS,0.29
149,THR,ASP,0.8
149,THR,GLU,0.53
149,THR,PHE,0.22
149,THR,GLY,0.91
149,THR,HIS,0.57
149,THR,ILE,-0.4
149,THR,LYS,0.31
149,THR,LEU,-0.23
149,THR,MET,-0.1
149,THR,ASN,0.68
149,THR,PRO,1.48
149,THR,GLN,0.25
149,THR,ARG,-0.09
149,THR,SER,1.02
149,THR,VAL,-0.25
149,THR,TRP,0.12
149,THR,TYR,0.22
150,ALA,CYS,0.75
150,ALA,ASP,0.49
150,ALA,GLU,0.03
150,ALA,PHE,0.7
150,ALA,GLY,1.08
150,ALA,HIS,0.67
150,ALA,ILE,0.7
150,ALA,LYS,0.18
150,ALA,LEU,0.43
150,ALA,MET,0.48
150,ALA,ASN,0.72
150,ALA,PRO,1.23
150,ALA,GLN,0.09
150,ALA,ARG,0.12
150,ALA,SER,0.43
150,ALA,THR,0.38
150,ALA,VAL,0.61
150,ALA,TRP,0.65
150,ALA,TYR,0.56
151,PHE,ALA,2.38
151,PHE,CYS,2.28
151,PHE,ASP,3.01
151,PHE,GLU,2.33
151,PHE,GLY,3.41
151,PHE,HIS,2.1
151,PHE,ILE,1.3
151,PHE,LYS,2.26
151,PHE,LEU,1.12
151,PHE,MET,1.19
151,PHE,ASN,2.91
151,PHE,PRO,3.63
151,PHE,GLN,1.83
151,PHE,ARG,1.85
151,PHE,SER,2.78
151,PHE,THR,2.26
151,PHE,VAL,1.76
151,PHE,TRP,0.45
151,PHE,TYR,0.7
152,LEU,ALA,3.09
152,LEU,CYS,2.48
152,LEU,ASP,2.91
152,LEU,GLU,2.05
152,LEU,PHE,0.76
152,LEU,GLY,3.46
152,LEU,HIS,1.68
152,LEU,ILE,1.16
152,LEU,LYS,1.69
152,LEU,MET,0.97
152,LEU,ASN,2.33
152,LEU,PRO,3.23
152,LEU,GLN,1.63
152,LEU,ARG,1.45
152,LEU,SER,3
152,LEU,THR,2.39
152,LEU,VAL,1.6
152,LEU,TRP,0.78
152,LEU,TYR,0.8
153,HIS,ALA,0.03
153,HIS,CYS,0.49
153,HIS,ASP,0.42
153,HIS,GLU,-0.09
153,HIS,PHE,-0.04
153,HIS,GLY,1.1
153,HIS,ILE,-0.41
153,HIS,LYS,-0.35
153,HIS,LEU,-0.55
153,HIS,MET,-0.46
153,HIS,ASN,0.17
153,HIS,PRO,0.71
153,HIS,GLN,-0.14
153,HIS,ARG,-0.27
153,HIS,SER,0.6
153,HIS,THR,0.35
153,HIS,VAL,-0.06
153,HIS,TRP,0.3
153,HIS,TYR,0.21
154,ASN,ALA,-0.94
154,ASN,CYS,-0.12
154,ASN,ASP,-0.04
154,ASN,GLU,-0.6
154,ASN,PHE,0.13
154,ASN,GLY,0.08
154,ASN,HIS,-0.26
154,ASN,ILE,-0.43
154,ASN,LYS,-0.66
154,ASN,LEU,-0.49
154,ASN,MET,-0.31
154,ASN,PRO,-0.02
154,ASN,GLN,-0.76
154,ASN,ARG,-0.65
154,ASN,SER,-0.34
154,ASN,THR,-0.17
154,ASN,VAL,-0.28
154,ASN,TRP,0.19
154,ASN,TYR,-0.09
155,MET,ALA,1.78
155,MET,CYS,1.82
155,MET,ASP,1.75
155,MET,GLU,1.79
155,MET,PHE,0.76
155,MET,GLY,3.21
155,MET,HIS,1.13
155,MET,ILE,1.14
155,MET,LYS,1.62
155,MET,LEU,0.79
155,MET,ASN,1.62
155,MET,PRO,2.97
155,MET,GLN,1.38
155,MET,ARG,1.47
155,MET,SER,1.88
155,MET,THR,1.32
155,MET,VAL,1.5
155,MET,TRP,0.83
155,MET,TYR,0.84
156,GLY,ALA,2.17
156,GLY,CYS,1.77
156,GLY,ASP,1.99
156,GLY,GLU,2.1
156,GLY,PHE,2.46
156,GLY,HIS,1.71
156,GLY,ILE,2.9
156,GLY,LYS,1.72
156,GLY,LEU,2.46
156,GLY,MET,2.32
156,GLY,ASN,1.45
156,GLY,PRO,3.79
156,GLY,GLN,1.72
156,GLY,ARG,1.89
156,GLY,SER,1.98
156,GLY,THR,2.5
156,GLY,VAL,2.83
156,GLY,TRP,2.64
156,GLY,TYR,2.6
157,ASP,ALA,1.13
157,ASP,CYS,0.42
157,ASP,GLU,2.05
157,ASP,PHE,0.09
157,ASP,GLY,2.02
157,ASP,HIS,0.58
157,ASP,ILE,0.05
157,ASP,LYS,1.88
157,ASP,LEU,0.41
157,ASP,MET,0.72
157,ASP,ASN,0.65
157,ASP,PRO,2.45
157,ASP,GLN,1.42
157,ASP,ARG,1.26
157,ASP,SER,1.03
157,ASP,THR,0.55
157,ASP,VAL,0.31
157,ASP,TRP,0.29
157,ASP,TYR,0.26
158,HIS,ALA,0.49
158,HIS,CYS,0.22
158,HIS,ASP,-0.25
158,HIS,GLU,0.11
158,HIS,PHE,0.39
158,HIS,GLY,0.87
158,HIS,ILE,0.51
158,HIS,LYS,0.18
158,HIS,LEU,0.4
158,HIS,MET,0.38
158,HIS,ASN,-0.18
158,HIS,PRO,-0.55
158,HIS,GLN,0.14
158,HIS,ARG,0.2
158,HIS,SER,-0.09
158,HIS,THR,-0.15
158,HIS,VAL,0.46
158,HIS,TRP,0.51
158,HIS,TYR,0.39
159,VAL,ALA,0.84
159,VAL,CYS,0.79
159,VAL,ASP,0.36
159,VAL,GLU,0.17
159,VAL,PHE,0.23
159,VAL,GLY,1.5
159,VAL,HIS,0.01
159,VAL,ILE,0.47
159,VAL,LYS,0.28
159,VAL,LEU,0.4
159,VAL,MET,0.29
159,VAL,ASN,0.27
159,VAL,PRO,1.01
159,VAL,GLN,0.24
159,VAL,ARG,-0.17
159,VAL,SER,0.33
159,VAL,THR,0.19
159,VAL,TRP,-0.36
159,VAL,TYR,0.08
160,THR,ALA,1.6
160,THR,CYS,0.84
160,THR,ASP,1.84
160,THR,GLU,2.26
160,THR,PHE,0.22
160,THR,GLY,2.1
160,THR,HIS,1
160,THR,ILE,0.28
160,THR,LYS,2.03
160,THR,LEU,0.51
160,THR,MET,0.57
160,THR,ASN,1.52
160,THR,PRO,1.02
160,THR,GLN,1.9
160,THR,ARG,1.44
160,THR,SER,1.49
160,THR,VAL,0.39
160,THR,TRP,0.76
160,THR,TYR,0.56
161,ARG,ALA,1.92
161,ARG,CYS,0.99
161,ARG,ASP,0.98
161,ARG,GLU,1.21
161,ARG,PHE,0.57
161,ARG,GLY,1.77
161,ARG,HIS,0.33
161,ARG,ILE,0.65
161,ARG,LYS,0.64
161,ARG,LEU,0.68
161,ARG,MET,0.48
161,ARG,ASN,0.85
161,ARG,PRO,2.01
161,ARG,GLN,0.78
161,ARG,SER,1.16
161,ARG,THR,0.52
161,ARG,VAL,0.61
161,ARG,TRP,0.29
161,ARG,TYR,0.52
162,LEU,ALA,3.33
162,LEU,CYS,1.56
162,LEU,ASP,3.42
162,LEU,GLU,3.83
162,LEU,PHE,0.46
162,LEU,GLY,3.81
162,LEU,HIS,1.63
162,LEU,ILE,0.64
162,LEU,LYS,3.13
162,LEU,MET,1.35
162,LEU,ASN,2.74
162,LEU,PRO,3.39
162,LEU,GLN,2.77
162,LEU,ARG,2
162,LEU,SER,2.77
162,LEU,THR,2.12
162,LEU,VAL,1.34
162,LEU,TRP,0.83
162,LEU,TYR,0.32
163,ASP,ALA,0.94
163,ASP,CYS,0.87
163,ASP,GLU,0.45
163,ASP,PHE,0.63
163,ASP,GLY,1.68
163,ASP,HIS,0.34
163,ASP,ILE,0.53
163,ASP,LYS,0.41
163,ASP,LEU,0.57
163,ASP,MET,0.72
163,ASP,ASN,0.63
163,ASP,PRO,0.1
163,ASP,GLN,0.46
163,ASP,ARG,0.38
163,ASP,SER,0.6
163,ASP,THR,0.25
163,ASP,VAL,0.35
163,ASP,TRP,0.43
163,ASP,TYR,0.72
164,ARG,ALA,2.27
164,ARG,CYS,1.44
164,ARG,ASP,1.74
164,ARG,GLU,1.35
164,ARG,PHE,0.5
164,ARG,GLY,2.44
164,ARG,HIS,0.58
164,ARG,ILE,1.15
164,ARG,LYS,1.16
164,ARG,LEU,0.94
164,ARG,MET,0.87
164,ARG,ASN,1.37
164,ARG,PRO,3.2
164,ARG,GLN,1.15
164,ARG,SER,1.86
164,ARG,THR,1.39
164,ARG,VAL,1.32
164,ARG,TRP,0.53
164,ARG,TYR,0.45
165,TRP,ALA,1.98
165,TRP,CYS,1.44
165,TRP,ASP,1.81
165,TRP,GLU,1.47
165,TRP,PHE,0.46
165,TRP,GLY,2.46
165,TRP,HIS,0.92
165,TRP,ILE,0.62
165,TRP,LYS,1.26
165,TRP,LEU,0.83
165,TRP,MET,0.87
165,TRP,ASN,1.52
165,TRP,PRO,2.41
165,TRP,GLN,1.02
165,TRP,ARG,1.07
165,TRP,SER,1.64
165,TRP,THR,0.99
165,TRP,VAL,0.76
165,TRP,TYR,0.42
166,GLU,ALA,1.92
166,GLU,CYS,0.83
166,GLU,ASP,1.43
166,GLU,PHE,-0.08
166,GLU,GLY,2.29
166,GLU,HIS,0.13
166,GLU,ILE,0.66
166,GLU,LYS,1.02
166,GLU,LEU,0.39
166,GLU,MET,0.22
166,GLU,ASN,0.95
166,GLU,PRO,0.47
166,GLU,GLN,0.94
166,GLU,ARG,0.59
166,GLU,SER,1.01
166,GLU,THR,0.79
166,GLU,VAL,0.86
166,GLU,TRP,-0.49
166,GLU,TYR,-0.64
167,PRO,ALA,2.6
167,PRO,CYS,1.97
167,PRO,ASP,1.87
167,PRO,GLU,2.38
167,PRO,PHE,2.22
167,PRO,GLY,2.57
167,PRO,HIS,1.82
167,PRO,ILE,2.07
167,PRO,LYS,2.33
167,PRO,LEU,2.14
167,PRO,MET,1.83
167,PRO,ASN,1.59
167,PRO,GLN,2.23
167,PRO,ARG,2.14
167,PRO,SER,1.99
167,PRO,THR,1.43
167,PRO,VAL,1.92
167,PRO,TRP,1.97
167,PRO,TYR,2.03
168,GLU,ALA,0.26
168,GLU,CYS,0.66
168,GLU,ASP,0.12
168,GLU,PHE,0.54
168,GLU,GLY,1.24
168,GLU,HIS,0.22
168,GLU,ILE,0.39
168,GLU,LYS,0.26
168,GLU,LEU,0.36
168,GLU,MET,0.47
168,GLU,ASN,0.28
168,GLU,PRO,0.4
168,GLU,GLN,0.2
168,GLU,ARG,0.36
168,GLU,SER,0.46
168,GLU,THR,0.53
168,GLU,VAL,0.54
168,GLU,TRP,0.43
168,GLU,TYR,0.4
169,LEU,ALA,2.28
169,LEU,CYS,1.61
169,LEU,ASP,2.13
169,LEU,GLU,2.08
169,LEU,PHE,0.71
169,LEU,GLY,2.59
169,LEU,HIS,0.97
169,LEU,ILE,1.31
169,LEU,LYS,1.72
169,LEU,MET,0.69
169,LEU,ASN,1.67
169,LEU,PRO,2.66
169,LEU,GLN,1.64
169,LEU,ARG,1.2
169,LEU,SER,2.06
169,LEU,THR,1.61
169,LEU,VAL,1.34
169,LEU,TRP,0.47
169,LEU,TYR,0.45
170,ASN,ALA,1.18
170,ASN,CYS,0.69
170,ASN,ASP,1.61
170,ASN,GLU,1.58
170,ASN,PHE,0
170,ASN,GLY,1.21
170,ASN,HIS,0.52
170,ASN,ILE,1.04
170,ASN,LYS,1.19
170,ASN,LEU,0.77
170,ASN,MET,0.59
170,ASN,PRO,1.87
170,ASN,GLN,0.96
170,ASN,ARG,1
170,ASN,SER,1.03
170,ASN,THR,0.76
170,ASN,VAL,0.93
170,ASN,TRP,0.28
170,ASN,TYR,0.27
171,GLU,ALA,0.39
171,GLU,CYS,0.45
171,GLU,ASP,0.22
171,GLU,PHE,-0.01
171,GLU,GLY,1.09
171,GLU,HIS,-0.08
171,GLU,ILE,-0.03
171,GLU,LYS,-0.03
171,GLU,LEU,-0.06
171,GLU,MET,0.08
171,GLU,ASN,0.16
171,GLU,PRO,0.58
171,GLU,GLN,0.02
171,GLU,ARG,-0.07
171,GLU,SER,0.06
171,GLU,THR,-0.19
171,GLU,VAL,-0.08
171,GLU,TRP,-0.19
171,GLU,TYR,-0.14
172,ALA,CYS,-0.67
172,ALA,ASP,0.01
172,ALA,GLU,0.93
172,ALA,PHE,-0.36
172,ALA,GLY,-1
172,ALA,HIS,-0.36
172,ALA,ILE,0.63
172,ALA,LYS,0.63
172,ALA,LEU,0.3
172,ALA,MET,-0.03
172,ALA,ASN,-0.5
172,ALA,PRO,0.88
172,ALA,GLN,0.17
172,ALA,ARG,0.19
172,ALA,SER,0.35
172,ALA,THR,0.62
172,ALA,VAL,0.79
172,ALA,TRP,-0.53
172,ALA,TYR,-0.3
173,ILE,ALA,1.15
173,ILE,CYS,1
173,ILE,ASP,1.21
173,ILE,GLU,0.72
173,ILE,PHE,0.5
173,ILE,GLY,1.65
173,ILE,HIS,0.7
173,ILE,LYS,0.73
173,ILE,LEU,0.57
173,ILE,MET,0.54
173,ILE,ASN,1.14
173,ILE,PRO,0.64
173,ILE,GLN,0.75
173,ILE,ARG,0.71
173,ILE,SER,1.25
173,ILE,THR,1.04
173,ILE,VAL,0.45
173,ILE,TRP,0.77
173,ILE,TYR,0.45
174,PRO,ALA,0.38
174,PRO,CYS,0.75
174,PRO,ASP,0.67
174,PRO,GLU,0.42
174,PRO,PHE,0.89
174,PRO,GLY,1.46
174,PRO,HIS,0.81
174,PRO,ILE,0.71
174,PRO,LYS,0.75
174,PRO,LEU,0.85
174,PRO,MET,0.87
174,PRO,ASN,0.8
174,PRO,GLN,0.79
174,PRO,ARG,0.72
174,PRO,SER,0.68
174,PRO,THR,0.6
174,PRO,VAL,0.56
174,PRO,TRP,1.09
174,PRO,TYR,0.95
175,ASN,ALA,-0.07
175,ASN,CYS,-0.07
175,ASN,ASP,0.17
175,ASN,GLU,0.38
175,ASN,PHE,0.02
175,ASN,GLY,-0.81
175,ASN,HIS,0.11
175,ASN,ILE,0.41
175,ASN,LYS,0.37
175,ASN,LEU,0.08
175,ASN,MET,0.1
175,ASN,PRO,0.39
175,ASN,GLN,0.19
175,ASN,ARG,0.36
175,ASN,SER,-0.01
175,ASN,THR,0.2
175,ASN,VAL,0.16
175,ASN,TRP,0.35
175,ASN,TYR,0.28
176,ASP,ALA,1.25
176,ASP,CYS,0.56
176,ASP,GLU,1.15
176,ASP,PHE,0.48
176,ASP,GLY,1.61
176,ASP,HIS,0.92
176,ASP,ILE,0.79
176,ASP,LYS,1.36
176,ASP,LEU,0.83
176,ASP,MET,0.64
176,ASP,ASN,0.97
176,ASP,PRO,1.11
176,ASP,GLN,0.86
176,ASP,ARG,1.17
176,ASP,SER,0.66
176,ASP,THR,0.78
176,ASP,VAL,0.56
176,ASP,TRP,0.49
176,ASP,TYR,0.77
177,GLU,ALA,0.28
177,GLU,CYS,0.27
177,GLU,ASP,0
177,GLU,PHE,0.46
177,GLU,GLY,0.76
177,GLU,HIS,0.21
177,GLU,ILE,0.23
177,GLU,LYS,0.22
177,GLU,LEU,0.05
177,GLU,MET,0.12
177,GLU,ASN,-0.01
177,GLU,PRO,-0.03
177,GLU,GLN,-0.02
177,GLU,ARG,0.07
177,GLU,SER,0.05
177,GLU,THR,-0.31
177,GLU,VAL,0.25
177,GLU,TRP,0.62
177,GLU,TYR,0.45
178,ARG,ALA,0.66
178,ARG,CYS,0.9
178,ARG,ASP,0.56
178,ARG,GLU,0.66
178,ARG,PHE,0.24
178,ARG,GLY,1.36
178,ARG,HIS,0.33
178,ARG,ILE,0.57
178,ARG,LYS,0.64
178,ARG,LEU,0.33
178,ARG,MET,0.36
178,ARG,ASN,0.55
178,ARG,PRO,1.33
178,ARG,GLN,0.56
178,ARG,SER,0.61
178,ARG,THR,0.47
178,ARG,VAL,0.58
178,ARG,TRP,0.35
178,ARG,TYR,0.19
179,ASP,ALA,1.24
179,ASP,CYS,-0.12
179,ASP,GLU,1.42
179,ASP,PHE,-0.8
179,ASP,GLY,-0.2
179,ASP,HIS,-0.04
179,ASP,ILE,0.25
179,ASP,LYS,1.11
179,ASP,LEU,0.15
179,ASP,MET,0.01
179,ASP,ASN,-0.04
179,ASP,PRO,0.48
179,ASP,GLN,0.57
179,ASP,ARG,0.33
179,ASP,SER,0.66
179,ASP,THR,0.47
179,ASP,VAL,0.22
179,ASP,TRP,-0.41
179,ASP,TYR,-1
180,THR,ALA,1.37
180,THR,CYS,0.46
180,THR,ASP,1.58
180,THR,GLU,1.41
180,THR,PHE,0.22
180,THR,GLY,1.87
180,THR,HIS,0.74
180,THR,ILE,0.22
180,THR,LYS,1.34
180,THR,LEU,0.48
180,THR,MET,0.49
180,THR,ASN,1.45
180,THR,PRO,2.84
180,THR,GLN,1.16
180,THR,ARG,0.97
180,THR,SER,1.12
180,THR,VAL,0.23
180,THR,TRP,0.26
180,THR,TYR,0.33
181,THR,ALA,1.47
181,THR,CYS,-0.09
181,THR,ASP,2.33
181,THR,GLU,2.75
181,THR,PHE,-0.42
181,THR,GLY,2.74
181,THR,HIS,0.64
181,THR,ILE,-0.21
181,THR,LYS,2.18
181,THR,LEU,-0.03
181,THR,MET,0.14
181,THR,ASN,1.56
181,THR,PRO,2.3
181,THR,GLN,1.83
181,THR,ARG,1.39
181,THR,SER,1.45
181,THR,VAL,-0.06
181,THR,TRP,-0.42
181,THR,TYR,-0.58
182,MET,ALA,1.76
182,MET,CYS,0.81
182,MET,ASP,0.58
182,MET,GLU,1.6
182,MET,PHE,0.78
182,MET,GLY,1.1
182,MET,HIS,0.26
182,MET,ILE,0.57
182,MET,LYS,1.34
182,MET,LEU,0.57
182,MET,ASN,0.39
182,MET,PRO,2.2
182,MET,GLN,1.26
182,MET,ARG,1.01
182,MET,SER,0.84
182,MET,THR,0.42
182,MET,VAL,0.63
182,MET,TRP,0.41
182,MET,TYR,0.56
183,PRO,ALA,1.82
183,PRO,CYS,0.79
183,PRO,ASP,1.53
183,PRO,GLU,1.87
183,PRO,PHE,0.04
183,PRO,GLY,2.13
183,PRO,HIS,0.73
183,PRO,ILE,0.55
183,PRO,LYS,1.95
183,PRO,LEU,0.68
183,PRO,MET,0.73
183,PRO,ASN,1.52
183,PRO,GLN,1.6
183,PRO,ARG,1.24
183,PRO,SER,1.57
183,PRO,THR,1.31
183,PRO,VAL,0.68
183,PRO,TRP,-0.11
183,PRO,TYR,-0.01
184,ALA,CYS,0.33
184,ALA,ASP,0.88
184,ALA,GLU,0.76
184,ALA,PHE,0.43
184,ALA,GLY,1.07
184,ALA,HIS,0.6
184,ALA,ILE,0.54
184,ALA,LYS,0.9
184,ALA,LEU,0.38
184,ALA,MET,0.31
184,ALA,ASN,0.91
184,ALA,PRO,1
184,ALA,GLN,0.67
184,ALA,ARG,0.6
184,ALA,SER,0.53
184,ALA,THR,0.5
184,ALA,VAL,0.36
184,ALA,TRP,0.24
184,ALA,TYR,0.49
185,ALA,CYS,-0.08
185,ALA,ASP,0.69
185,ALA,GLU,0.52
185,ALA,PHE,-0.19
185,ALA,GLY,0.83
185,ALA,HIS,0.27
185,ALA,ILE,0.18
185,ALA,LYS,0.4
185,ALA,LEU,0.11
185,ALA,MET,0.12
185,ALA,ASN,0.67
185,ALA,PRO,1.52
185,ALA,GLN,0.19
185,ALA,ARG,0.17
185,ALA,SER,0.53
185,ALA,THR,0.42
185,ALA,VAL,0.03
185,ALA,TRP,-0.12
185,ALA,TYR,-0.09
186,MET,ALA,2.62
186,MET,CYS,1.64
186,MET,ASP,3.71
186,MET,GLU,2.83
186,MET,PHE,1.16
186,MET,GLY,3.85
186,MET,HIS,1.9
186,MET,ILE,0.44
186,MET,LYS,2.55
186,MET,LEU,0.68
186,MET,ASN,3.04
186,MET,PRO,3.91
186,MET,GLN,2.06
186,MET,ARG,1.87
186,MET,SER,2.95
186,MET,THR,2.45
186,MET,VAL,0.98
186,MET,TRP,0.75
186,MET,TYR,0.86
187,ALA,CYS,-0.06
187,ALA,ASP,2.1
187,ALA,GLU,1.95
187,ALA,PHE,0.05
187,ALA,GLY,1.88
187,ALA,HIS,1.18
187,ALA,ILE,0.01
187,ALA,LYS,2.14
187,ALA,LEU,0.37
187,ALA,MET,0.14
187,ALA,ASN,1.84
187,ALA,PRO,2.23
187,ALA,GLN,1.29
187,ALA,ARG,1.19
187,ALA,SER,1.28
187,ALA,THR,1.38
187,ALA,VAL,0.19
187,ALA,TRP,0.1
187,ALA,TYR,0.35
188,THR,ALA,0.16
188,THR,CYS,0.79
188,THR,ASP,0.4
188,THR,GLU,-0.05
188,THR,PHE,0.32
188,THR,GLY,1.09
188,THR,HIS,0.19
188,THR,ILE,0.35
188,THR,LYS,0
188,THR,LEU,-0.03
188,THR,MET,0.19
188,THR,ASN,0.36
188,THR,PRO,0.79
188,THR,GLN,-0.1
188,THR,ARG,-0.06
188,THR,SER,0.57
188,THR,VAL,0.25
188,THR,TRP,0.48
188,THR,TYR,0.18
189,THR,ALA,1.02
189,THR,CYS,0.16
189,THR,ASP,1.85
189,THR,GLU,1.22
189,THR,PHE,-0.22
189,THR,GLY,2.26
189,THR,HIS,0.58
189,THR,ILE,-0.26
189,THR,LYS,1.44
189,THR,LEU,-0.17
189,THR,MET,-0.23
189,THR,ASN,1.42
189,THR,PRO,2.18
189,THR,GLN,0.73
189,THR,ARG,0.76
189,THR,SER,1.61
189,THR,VAL,-0.01
189,THR,TRP,-0.24
189,THR,TYR,-0.3
190,LEU,ALA,2.92
190,LEU,CYS,2.05
190,LEU,ASP,3.83
190,LEU,GLU,3.12
190,LEU,PHE,1.25
190,LEU,GLY,3.96
190,LEU,HIS,2.38
190,LEU,ILE,0.98
190,LEU,LYS,2.93
190,LEU,MET,1.22
190,LEU,ASN,3.36
190,LEU,PRO,3.81
190,LEU,GLN,2.34
190,LEU,ARG,2.58
190,LEU,SER,3.49
190,LEU,THR,2.87
190,LEU,VAL,1.28
190,LEU,TRP,1.33
190,LEU,TYR,1.3
191,ARG,ALA,1.17
191,ARG,CYS,1.17
191,ARG,ASP,1.47
191,ARG,GLU,1
191,ARG,PHE,1.2
191,ARG,GLY,1.89
191,ARG,HIS,0.88
191,ARG,ILE,0.72
191,ARG,LYS,0.6
191,ARG,LEU,0.56
191,ARG,MET,0.47
191,ARG,ASN,1.29
191,ARG,PRO,1.98
191,ARG,GLN,0.55
191,ARG,SER,1.61
191,ARG,THR,1.31
191,ARG,VAL,0.75
191,ARG,TRP,0.79
191,ARG,TYR,0.74
192,LYS,ALA,0.25
192,LYS,CYS,1.12
192,LYS,ASP,0.95
192,LYS,GLU,0.5
192,LYS,PHE,0.17
192,LYS,GLY,1.42
192,LYS,HIS,0.5
192,LYS,ILE,0.15
192,LYS,LEU,-0.07
192,LYS,MET,0.28
192,LYS,ASN,0.92
192,LYS,PRO,1.35
192,LYS,GLN,0.21
192,LYS,ARG,0.29
192,LYS,SER,0.89
192,LYS,THR,0.66
192,LYS,VAL,0.44
192,LYS,TRP,0.54
192,LYS,TYR,0.45
193,LEU,ALA,3.06
193,LEU,CYS,2.39
193,LEU,ASP,3.76
193,LEU,GLU,2.84
193,LEU,PHE,1.32
193,LEU,GLY,4.27
193,LEU,HIS,2.12
193,LEU,ILE,1.16
193,LEU,LYS,2.57
193,LEU,MET,1.14
193,LEU,ASN,3.13
193,LEU,PRO,4.24
193,LEU,GLN,2.38
193,LEU,ARG,2.26
193,LEU,SER,3.58
193,LEU,THR,2.86
193,LEU,VAL,1.95
193,LEU,TRP,1.41
193,LEU,TYR,1.48
194,LEU,ALA,2.55
194,LEU,CYS,2.1
194,LEU,ASP,2.84
194,LEU,GLU,2.46
194,LEU,PHE,1.1
194,LEU,GLY,3.75
194,LEU,HIS,1.71
194,LEU,ILE,0.88
194,LEU,LYS,2.03
194,LEU,MET,1.06
194,LEU,ASN,2.41
194,LEU,PRO,2.74
194,LEU,GLN,2.14
194,LEU,ARG,1.71
194,LEU,SER,2.59
194,LEU,THR,2.21
194,LEU,VAL,1.54
194,LEU,TRP,1.12
194,LEU,TYR,1.29
195,THR,ALA,0.55
195,THR,CYS,0.48
195,THR,ASP,0.34
195,THR,GLU,0.43
195,THR,PHE,0.57
195,THR,GLY,0.79
195,THR,HIS,0.36
195,THR,ILE,0.63
195,THR,LYS,0.67
195,THR,LEU,0.26
195,THR,MET,0.37
195,THR,ASN,0.08
195,THR,PRO,0.99
195,THR,GLN,0.27
195,THR,ARG,0.42
195,THR,SER,0.4
195,THR,VAL,0.54
195,THR,TRP,0.89
195,THR,TYR,0.55
196,GLY,ALA,0.99
196,GLY,CYS,0.14
196,GLY,ASP,0.13
196,GLY,GLU,1.12
196,GLY,PHE,0.59
196,GLY,HIS,0.14
196,GLY,ILE,1.16
196,GLY,LYS,0.89
196,GLY,LEU,0.74
196,GLY,MET,0.67
196,GLY,ASN,0.09
196,GLY,PRO,1.1
196,GLY,GLN,0.88
196,GLY,ARG,0.85
196,GLY,SER,0.06
196,GLY,THR,0.33
196,GLY,VAL,0.82
196,GLY,TRP,0.38
196,GLY,TYR,0.4
197,GLU,ALA,0.07
197,GLU,CYS,0
197,GLU,ASP,-0.19
197,GLU,PHE,0.26
197,GLU,GLY,0.27
197,GLU,HIS,-0.03
197,GLU,ILE,0.03
197,GLU,LYS,-0.1
197,GLU,LEU,0.21
197,GLU,MET,0.3
197,GLU,ASN,-0.13
197,GLU,PRO,-0.51
197,GLU,GLN,-0.02
197,GLU,ARG,-0.06
197,GLU,SER,-0.18
197,GLU,THR,-0.2
197,GLU,VAL,0.01
197,GLU,TRP,0.36
197,GLU,TYR,0.27
198,LEU,ALA,0.77
198,LEU,CYS,0.91
198,LEU,ASP,0.24
198,LEU,GLU,0.11
198,LEU,PHE,0.11
198,LEU,GLY,1.04
198,LEU,HIS,0.03
198,LEU,ILE,0.03
198,LEU,LYS,0.12
198,LEU,MET,0.38
198,LEU,ASN,0.45
198,LEU,PRO,1.31
198,LEU,GLN,0.2
198,LEU,ARG,0.07
198,LEU,SER,0.44
198,LEU,THR,0.44
198,LEU,VAL,0.31
198,LEU,TRP,-0.24
198,LEU,TYR,0.13
199,LEU,ALA,3.57
199,LEU,CYS,2.22
199,LEU,ASP,3.11
199,LEU,GLU,2.75
199,LEU,PHE,0.73
199,LEU,GLY,3.61
199,LEU,HIS,1.48
199,LEU,ILE,1.27
199,LEU,LYS,1.98
199,LEU,MET,1.18
199,LEU,ASN,2.17
199,LEU,PRO,3.58
199,LEU,GLN,2.31
199,LEU,ARG,1.69
199,LEU,SER,3.04
199,LEU,THR,2.06
199,LEU,VAL,1.51
199,LEU,TRP,1.21
199,LEU,TYR,1.02
200,THR,ALA,0.83
200,THR,CYS,0.78
200,THR,ASP,-0.12
200,THR,GLU,1.13
200,THR,PHE,1.31
200,THR,GLY,0.65
200,THR,HIS,0.65
200,THR,ILE,1.09
200,THR,LYS,1.09
200,THR,LEU,1.11
200,THR,MET,0.92
200,THR,ASN,0.22
200,THR,PRO,-0.49
200,THR,GLN,1.09
200,THR,ARG,1.08
200,THR,SER,0.04
200,THR,VAL,1.01
200,THR,TRP,1.42
200,THR,TYR,1.35
201,LEU,ALA,-0.05
201,LEU,CYS,0.54
201,LEU,ASP,-0.01
201,LEU,GLU,-0.32
201,LEU,PHE,0.42
201,LEU,GLY,1.05
201,LEU,HIS,0.19
201,LEU,ILE,0.07
201,LEU,LYS,-0.01
201,LEU,MET,0.21
201,LEU,ASN,0.34
201,LEU,PRO,-0.23
201,LEU,GLN,-0.06
201,LEU,ARG,0.01
201,LEU,SER,0.22
201,LEU,THR,0.19
201,LEU,VAL,0.03
201,LEU,TRP,0.28
201,LEU,TYR,0.35
202,ALA,CYS,0.41
202,ALA,ASP,0.03
202,ALA,GLU,-0.01
202,ALA,PHE,0.67
202,ALA,GLY,0.58
202,ALA,HIS,0.54
202,ALA,ILE,0.46
202,ALA,LYS,0.48
202,ALA,LEU,0.65
202,ALA,MET,0.73
202,ALA,ASN,0.52
202,ALA,PRO,0.48
202,ALA,GLN,0.3
202,ALA,ARG,0.52
202,ALA,SER,-0.06
202,ALA,THR,0.33
202,ALA,VAL,0.27
202,ALA,TRP,0.67
202,ALA,TYR,0.63
203,SER,ALA,0.7
203,SER,CYS,0.14
203,SER,ASP,1.37
203,SER,GLU,1.09
203,SER,PHE,0.35
203,SER,GLY,1.49
203,SER,HIS,0.82
203,SER,ILE,0.63
203,SER,LYS,0.97
203,SER,LEU,0.5
203,SER,MET,0.54
203,SER,ASN,1.4
203,SER,PRO,1.73
203,SER,GLN,0.71
203,SER,ARG,0.71
203,SER,THR,0.84
203,SER,VAL,0.58
203,SER,TRP,0.36
203,SER,TYR,0.53
204,ARG,ALA,1.73
204,ARG,CYS,1.21
204,ARG,ASP,2.16
204,ARG,GLU,1.38
204,ARG,PHE,0.17
204,ARG,GLY,2.63
204,ARG,HIS,1.01
204,ARG,ILE,-0.29
204,ARG,LYS,1.01
204,ARG,LEU,-0.35
204,ARG,MET,0.43
204,ARG,ASN,1.9
204,ARG,PRO,2.34
204,ARG,GLN,0.89
204,ARG,SER,2.23
204,ARG,THR,1.33
204,ARG,VAL,0.06
204,ARG,TRP,0.57
204,ARG,TYR,0.26
205,GLN,ALA,0.42
205,GLN,CYS,0.97
205,GLN,ASP,0.92
205,GLN,GLU,0.35
205,GLN,PHE,0.86
205,GLN,GLY,1.56
205,GLN,HIS,0.76
205,GLN,ILE,0.56
205,GLN,LYS,0.28
205,GLN,LEU,0.3
205,GLN,MET,0.28
205,GLN,ASN,0.88
205,GLN,PRO,1.33
205,GLN,ARG,0.27
205,GLN,SER,1.02
205,GLN,THR,0.61
205,GLN,VAL,0.53
205,GLN,TRP,0.96
205,GLN,TYR,0.87
206,GLN,ALA,1.32
206,GLN,CYS,1.51
206,GLN,ASP,1.35
206,GLN,GLU,0.69
206,GLN,PHE,0.64
206,GLN,GLY,2.32
206,GLN,HIS,0.84
206,GLN,ILE,0.77
206,GLN,LYS,0.88
206,GLN,LEU,0.57
206,GLN,MET,0.44
206,GLN,ASN,1.35
206,GLN,PRO,2.1
206,GLN,ARG,0.65
206,GLN,SER,1.5
206,GLN,THR,1.03
206,GLN,VAL,1.02
206,GLN,TRP,0.39
206,GLN,TYR,0.59
207,LEU,ALA,3.11
207,LEU,CYS,2.6
207,LEU,ASP,3.95
207,LEU,GLU,3.09
207,LEU,PHE,1.68
207,LEU,GLY,4.27
207,LEU,HIS,2.44
207,LEU,ILE,0.99
207,LEU,LYS,2.86
207,LEU,MET,1.35
207,LEU,ASN,3.57
207,LEU,PRO,4.35
207,LEU,GLN,2.59
207,LEU,ARG,2.31
207,LEU,SER,3.6
207,LEU,THR,2.78
207,LEU,VAL,1.4
207,LEU,TRP,1.6
207,LEU,TYR,1.86
208,ILE,ALA,2.02
208,ILE,CYS,1.58
208,ILE,ASP,2.22
208,ILE,GLU,1.69
208,ILE,PHE,1.26
208,ILE,GLY,2.78
208,ILE,HIS,1.36
208,ILE,LYS,1.36
208,ILE,LEU,0.6
208,ILE,MET,0.73
208,ILE,ASN,2.05
208,ILE,PRO,2.71
208,ILE,GLN,1.23
208,ILE,ARG,1
208,ILE,SER,2.24
208,ILE,THR,1.87
208,ILE,VAL,1.06
208,ILE,TRP,1.11
208,ILE,TYR,1.03
209,ASP,ALA,0.32
209,ASP,CYS,0.89
209,ASP,GLU,0.1
209,ASP,PHE,1.01
209,ASP,GLY,0.86
209,ASP,HIS,0.57
209,ASP,ILE,0.64
209,ASP,LYS,0.22
209,ASP,LEU,0.37
209,ASP,MET,0.48
209,ASP,ASN,0.35
209,ASP,PRO,1.2
209,ASP,GLN,0.07
209,ASP,ARG,0.23
209,ASP,SER,0.45
209,ASP,THR,0.27
209,ASP,VAL,0.66
209,ASP,TRP,0.96
209,ASP,TYR,0.87
210,TRP,ALA,3.17
210,TRP,CYS,2.93
210,TRP,ASP,3.27
210,TRP,GLU,2.67
210,TRP,PHE,1.02
210,TRP,GLY,4.23
210,TRP,HIS,2.36
210,TRP,ILE,1.77
210,TRP,LYS,2.69
210,TRP,LEU,1.77
210,TRP,MET,1.78
210,TRP,ASN,3.08
210,TRP,PRO,3.49
210,TRP,GLN,2.14
210,TRP,ARG,1.99
210,TRP,SER,3.29
210,TRP,THR,2.49
210,TRP,VAL,2.33
210,TRP,TYR,0.88
211,MET,ALA,2.76
211,MET,CYS,1.64
211,MET,ASP,3.18
211,MET,GLU,2.7
211,MET,PHE,0.49
211,MET,GLY,2.85
211,MET,HIS,1.48
211,MET,ILE,0.57
211,MET,LYS,2.4
211,MET,LEU,0.46
211,MET,ASN,2.6
211,MET,PRO,2.98
211,MET,GLN,1.73
211,MET,ARG,1.48
211,MET,SER,2.97
211,MET,THR,2.54
211,MET,VAL,1.32
211,MET,TRP,0.62
211,MET,TYR,0.71
212,GLU,ALA,0.21
212,GLU,CYS,0.78
212,GLU,ASP,0.67
212,GLU,PHE,0.62
212,GLU,GLY,1.29
212,GLU,HIS,0.31
212,GLU,ILE,0.29
212,GLU,LYS,0.06
212,GLU,LEU,0.17
212,GLU,MET,0.23
212,GLU,ASN,0.47
212,GLU,PRO,0.87
212,GLU,GLN,-0.05
212,GLU,ARG,0.17
212,GLU,SER,0.44
212,GLU,THR,0.43
212,GLU,VAL,0.4
212,GLU,TRP,0.7
212,GLU,TYR,0.51
213,ALA,CYS,0.72
213,ALA,ASP,0.63
213,ALA,GLU,0.66
213,ALA,PHE,0.66
213,ALA,GLY,0.84
213,ALA,HIS,0.51
213,ALA,ILE,1
213,ALA,LYS,0.6
213,ALA,LEU,0.63
213,ALA,MET,0.81
213,ALA,ASN,0.36
213,ALA,PRO,1.47
213,ALA,GLN,0.45
213,ALA,ARG,0.51
213,ALA,SER,0.3
213,ALA,THR,0.4
213,ALA,VAL,0.91
213,ALA,TRP,0.63
213,ALA,TYR,0.61
214,ASP,ALA,1.07
214,ASP,CYS,0.03
214,ASP,GLU,1.88
214,ASP,PHE,0.42
214,ASP,GLY,1.54
214,ASP,HIS,0.48
214,ASP,ILE,0.44
214,ASP,LYS,1.77
214,ASP,LEU,0.39
214,ASP,MET,0.24
214,ASP,ASN,0.52
214,ASP,PRO,0.96
214,ASP,GLN,1.4
214,ASP,ARG,1.33
214,ASP,SER,0.71
214,ASP,THR,0.56
214,ASP,VAL,0.52
214,ASP,TRP,0.16
214,ASP,TYR,0.29
215,LYS,ALA,0.3
215,LYS,CYS,0.01
215,LYS,ASP,0.03
215,LYS,GLU,0.13
215,LYS,PHE,0.25
215,LYS,GLY,0.73
215,LYS,HIS,0.06
215,LYS,ILE,0.13
215,LYS,LEU,0.14
215,LYS,MET,0.21
215,LYS,ASN,0.04
215,LYS,PRO,-0.35
215,LYS,GLN,0.09
215,LYS,ARG,0
215,LYS,SER,0.08
215,LYS,THR,-0.19
215,LYS,VAL,0.21
215,LYS,TRP,0.19
215,LYS,TYR,0.26
216,VAL,ALA,0.93
216,VAL,CYS,0.51
216,VAL,ASP,0.02
216,VAL,GLU,0.44
216,VAL,PHE,-0.1
216,VAL,GLY,0.99
216,VAL,HIS,-0.26
216,VAL,ILE,0.34
216,VAL,LYS,0.7
216,VAL,LEU,0.3
216,VAL,MET,0.12
216,VAL,ASN,-0.29
216,VAL,PRO,1.61
216,VAL,GLN,0.27
216,VAL,ARG,-0.05
216,VAL,SER,0.24
216,VAL,THR,0.06
216,VAL,TRP,-0.39
216,VAL,TYR,-0.29
217,ALA,CYS,0.56
217,ALA,ASP,1.44
217,ALA,GLU,1.98
217,ALA,PHE,0.67
217,ALA,GLY,1.48
217,ALA,HIS,0.76
217,ALA,ILE,1
217,ALA,LYS,1.4
217,ALA,LEU,0.94
217,ALA,MET,1.03
217,ALA,ASN,1.12
217,ALA,PRO,2.04
217,ALA,GLN,1.35
217,ALA,ARG,1.52
217,ALA,SER,0.57
217,ALA,THR,0.69
217,ALA,VAL,1.26
217,ALA,TRP,0.88
217,ALA,TYR,0.75
218,GLY,ALA,-0.46
218,GLY,CYS,-0.07
218,GLY,ASP,0.05
218,GLY,GLU,0.1
218,GLY,PHE,0.56
218,GLY,HIS,0.19
218,GLY,ILE,0.24
218,GLY,LYS,0.04
218,GLY,LEU,0.11
218,GLY,MET,0.22
218,GLY,ASN,0.24
218,GLY,PRO,0.07
218,GLY,GLN,0.1
218,GLY,ARG,0.13
218,GLY,SER,-0.36
218,GLY,THR,-0.07
218,GLY,VAL,0.14
218,GLY,TRP,0.53
218,GLY,TYR,0.45
219,PRO,ALA,0.14
219,PRO,CYS,0.42
219,PRO,ASP,-0.2
219,PRO,GLU,0.14
219,PRO,PHE,0.42
219,PRO,GLY,0.6
219,PRO,HIS,-0.09
219,PRO,ILE,0.58
219,PRO,LYS,0.35
219,PRO,LEU,0.36
219,PRO,MET,0.26
219,PRO,ASN,-0.18
219,PRO,GLN,0.1
219,PRO,ARG,0.08
219,PRO,SER,-0.07
219,PRO,THR,-0.13
219,PRO,VAL,0.4
219,PRO,TRP,0.45
219,PRO,TYR,0.34
220,LEU,ALA,2.86
220,LEU,CYS,1.63
220,LEU,ASP,2.75
220,LEU,GLU,2.55
220,LEU,PHE,0.26
220,LEU,GLY,3.12
220,LEU,HIS,1.05
220,LEU,ILE,1.16
220,LEU,LYS,2.23
220,LEU,MET,0.94
220,LEU,ASN,2.41
220,LEU,PRO,3.97
220,LEU,GLN,1.94
220,LEU,ARG,1.58
220,LEU,SER,2.61
220,LEU,THR,2.09
220,LEU,VAL,1.34
220,LEU,TRP,0.57
220,LEU,TYR,0.26
221,LEU,ALA,3.61
221,LEU,CYS,2.62
221,LEU,ASP,4.58
221,LEU,GLU,4.32
221,LEU,PHE,1.11
221,LEU,GLY,4.47
221,LEU,HIS,2.7
221,LEU,ILE,0.97
221,LEU,LYS,3.63
221,LEU,MET,1.42
221,LEU,ASN,3.71
221,LEU,PRO,3.5
221,LEU,GLN,3.31
221,LEU,ARG,2.97
221,LEU,SER,3.93
221,LEU,THR,2.94
221,LEU,VAL,1.22
221,LEU,TRP,1.46
221,LEU,TYR,1.61
222,ARG,ALA,1.57
222,ARG,CYS,1.57
222,ARG,ASP,1.69
222,ARG,GLU,1.45
222,ARG,PHE,1
222,ARG,GLY,2.25
222,ARG,HIS,0.86
222,ARG,ILE,1.01
222,ARG,LYS,0.92
222,ARG,LEU,0.83
222,ARG,MET,0.79
222,ARG,ASN,1.42
222,ARG,PRO,1.67
222,ARG,GLN,1.01
222,ARG,SER,1.69
222,ARG,THR,1.45
222,ARG,VAL,1.22
222,ARG,TRP,0.69
222,ARG,TYR,0.81
223,SER,ALA,-0.14
223,SER,CYS,0.08
223,SER,ASP,0.33
223,SER,GLU,0.39
223,SER,PHE,0.77
223,SER,GLY,0.59
223,SER,HIS,0.38
223,SER,ILE,0.72
223,SER,LYS,0.37
223,SER,LEU,0.4
223,SER,MET,0.36
223,SER,ASN,0.15
223,SER,PRO,0.66
223,SER,GLN,0.18
223,SER,ARG,0.42
223,SER,THR,0.27
223,SER,VAL,0.68
223,SER,TRP,0.86
223,SER,TYR,0.67
224,ALA,CYS,0.87
224,ALA,ASP,0.96
224,ALA,GLU,1.52
224,ALA,PHE,1.06
224,ALA,GLY,1.43
224,ALA,HIS,0.72
224,ALA,ILE,1.26
224,ALA,LYS,1.38
224,ALA,LEU,0.74
224,ALA,MET,0.45
224,ALA,ASN,0.82
224,ALA,PRO,2.38
224,ALA,GLN,0.88
224,ALA,ARG,1.16
224,ALA,SER,0.54
224,ALA,THR,0.71
224,ALA,VAL,1.25
224,ALA,TRP,0.93
224,ALA,TYR,1.03
225,LEU,ALA,2.05
225,LEU,CYS,1.45
225,LEU,ASP,2.76
225,LEU,GLU,2.43
225,LEU,PHE,0.91
225,LEU,GLY,3.19
225,LEU,HIS,1.96
225,LEU,ILE,0.76
225,LEU,LYS,2.11
225,LEU,MET,1.05
225,LEU,ASN,2.46
225,LEU,PRO,2.75
225,LEU,GLN,1.96
225,LEU,ARG,1.58
225,LEU,SER,2.46
225,LEU,THR,2.02
225,LEU,VAL,1.26
225,LEU,TRP,1.17
225,LEU,TYR,1.18
226,PRO,ALA,1.05
226,PRO,CYS,1.27
226,PRO,ASP,1.68
226,PRO,GLU,1.33
226,PRO,PHE,1.38
226,PRO,GLY,1.96
226,PRO,HIS,1.39
226,PRO,ILE,0.99
226,PRO,LYS,1.24
226,PRO,LEU,0.89
226,PRO,MET,1.04
226,PRO,ASN,1.54
226,PRO,GLN,1.15
226,PRO,ARG,1.38
226,PRO,SER,1.69
226,PRO,THR,1.17
226,PRO,VAL,0.9
226,PRO,TRP,1.23
226,PRO,TYR,1.39
227,ALA,CYS,0.29
227,ALA,ASP,0.54
227,ALA,GLU,0.29
227,ALA,PHE,0.68
227,ALA,GLY,0.62
227,ALA,HIS,0.74
227,ALA,ILE,0.44
227,ALA,LYS,0.59
227,ALA,LEU,0.52
227,ALA,MET,0.42
227,ALA,ASN,0.65
227,ALA,PRO,-0.05
227,ALA,GLN,0.52
227,ALA,ARG,0.69
227,ALA,SER,0.36
227,ALA,THR,0.52
227,ALA,VAL,0.33
227,ALA,TRP,0.72
227,ALA,TYR,0.78
228,GLY,ALA,0.66
228,GLY,CYS,0.76
228,GLY,ASP,0.83
228,GLY,GLU,1.33
228,GLY,PHE,1.09
228,GLY,HIS,0.9
228,GLY,ILE,1.35
228,GLY,LYS,1.36
228,GLY,LEU,1.09
228,GLY,MET,1.08
228,GLY,ASN,0.52
228,GLY,PRO,1.4
228,GLY,GLN,1.07
228,GLY,ARG,1.26
228,GLY,SER,0.86
228,GLY,THR,1.22
228,GLY,VAL,1.35
228,GLY,TRP,1.34
228,GLY,TYR,1.21
229,TRP,ALA,2.26
229,TRP,CYS,2.16
229,TRP,ASP,2.69
229,TRP,GLU,1.95
229,TRP,PHE,0.6
229,TRP,GLY,3.84
229,TRP,HIS,1.68
229,TRP,ILE,1.47
229,TRP,LYS,2.11
229,TRP,LEU,0.92
229,TRP,MET,0.97
229,TRP,ASN,2.68
229,TRP,PRO,2.78
229,TRP,GLN,1.84
229,TRP,ARG,2
229,TRP,SER,2.73
229,TRP,THR,1.92
229,TRP,VAL,1.37
229,TRP,TYR,0.88
230,PHE,ALA,3
230,PHE,CYS,1.64
230,PHE,ASP,2.73
230,PHE,GLU,2.43
230,PHE,GLY,3.18
230,PHE,HIS,1.47
230,PHE,ILE,1.26
230,PHE,LYS,1.94
230,PHE,LEU,1.43
230,PHE,MET,1.69
230,PHE,ASN,2.35
230,PHE,PRO,3.2
230,PHE,GLN,2.09
230,PHE,ARG,1.58
230,PHE,SER,2.25
230,PHE,THR,1.72
230,PHE,VAL,1.18
230,PHE,TRP,0.63
230,PHE,TYR,0.71
231,ILE,ALA,2.57
231,ILE,CYS,1.47
231,ILE,ASP,2.65
231,ILE,GLU,2.15
231,ILE,PHE,0.53
231,ILE,GLY,2.89
231,ILE,HIS,1.03
231,ILE,LYS,1.93
231,ILE,LEU,1.14
231,ILE,MET,1.11
231,ILE,ASN,2.25
231,ILE,PRO,2.95
231,ILE,GLN,1.67
231,ILE,ARG,1.45
231,ILE,SER,2.43
231,ILE,THR,1.75
231,ILE,VAL,1.11
231,ILE,TRP,0.61
231,ILE,TYR,0.44
232,ALA,CYS,-0.04
232,ALA,ASP,2.46
232,ALA,GLU,2.54
232,ALA,PHE,-0.22
232,ALA,GLY,1.65
232,ALA,HIS,0.62
232,ALA,ILE,-0.21
232,ALA,LYS,2.11
232,ALA,LEU,0.3
232,ALA,MET,0.26
232,ALA,ASN,1.62
232,ALA,PRO,2.66
232,ALA,GLN,1.86
232,ALA,ARG,1.4
232,ALA,SER,1.11
232,ALA,THR,0.79
232,ALA,VAL,0.03
232,ALA,TRP,-0.21
232,ALA,TYR,-0.14
233,ASP,ALA,-0.73
233,ASP,CYS,-2.43
233,ASP,GLU,1
233,ASP,PHE,-3
233,ASP,GLY,-0.06
233,ASP,HIS,-1.29
233,ASP,ILE,-2.93
233,ASP,LYS,0.91
233,ASP,LEU,-2.53
233,ASP,MET,-2.23
233,ASP,ASN,-0.08
233,ASP,PRO,0.76
233,ASP,GLN,0.03
233,ASP,ARG,-0.42
233,ASP,SER,-0.73
233,ASP,THR,-1.52
233,ASP,VAL,-2.63
233,ASP,TRP,-2.79
233,ASP,TYR,-3.22
234,LYS,ALA,0.35
234,LYS,CYS,-1.2
234,LYS,ASP,1.49
234,LYS,GLU,1.43
234,LYS,PHE,-2.18
234,LYS,GLY,1.55
234,LYS,HIS,-0.88
234,LYS,ILE,-2.28
234,LYS,LEU,-1.82
234,LYS,MET,-1.7
234,LYS,ASN,0.71
234,LYS,PRO,1.53
234,LYS,GLN,0.38
234,LYS,ARG,-0.39
234,LYS,SER,0.48
234,LYS,THR,-0.43
234,LYS,VAL,-1.83
234,LYS,TRP,-2.19
234,LYS,TYR,-2.44
235,SER,ALA,0.86
235,SER,CYS,-0.22
235,SER,ASP,1.95
235,SER,GLU,2.14
235,SER,PHE,-0.67
235,SER,GLY,1.38
235,SER,HIS,0.38
235,SER,ILE,-0.33
235,SER,LYS,1.53
235,SER,LEU,0.35
235,SER,MET,0.04
235,SER,ASN,1.32
235,SER,PRO,2.34
235,SER,GLN,1.26
235,SER,ARG,0.86
235,SER,THR,0.54
235,SER,VAL,-0.48
235,SER,TRP,-0.58
235,SER,TYR,-0.46
236,GLY,ALA,0.51
236,GLY,CYS,-0.66
236,GLY,ASP,2.16
236,GLY,GLU,2.75
236,GLY,PHE,-0.32
236,GLY,HIS,0.53
236,GLY,ILE,0.35
236,GLY,LYS,2.65
236,GLY,LEU,0.83
236,GLY,MET,0.28
236,GLY,ASN,1.6
236,GLY,PRO,2.55
236,GLY,GLN,1.67
236,GLY,ARG,1.56
236,GLY,SER,0.35
236,GLY,THR,0.66
236,GLY,VAL,-0.02
236,GLY,TRP,-0.09
236,GLY,TYR,-0.56
237,ALA,CYS,-0.06
237,ALA,ASP,1
237,ALA,GLU,0.33
237,ALA,PHE,-0.26
237,ALA,GLY,0.9
237,ALA,HIS,0.17
237,ALA,ILE,-0.17
237,ALA,LYS,0.65
237,ALA,LEU,-0.01
237,ALA,MET,0.12
237,ALA,ASN,0.42
237,ALA,PRO,1.68
237,ALA,GLN,0.01
237,ALA,ARG,0.06
237,ALA,SER,0.13
237,ALA,THR,0.03
237,ALA,VAL,-0.18
237,ALA,TRP,-0.32
237,ALA,TYR,-0.17
238,GLY,ALA,0.6
238,GLY,CYS,0.04
238,GLY,ASP,1.29
238,GLY,GLU,1.51
238,GLY,PHE,-0.44
238,GLY,HIS,0.16
238,GLY,ILE,0.14
238,GLY,LYS,1.49
238,GLY,LEU,0.22
238,GLY,MET,0.1
238,GLY,ASN,0.78
238,GLY,PRO,1.33
238,GLY,GLN,0.85
238,GLY,ARG,0.67
238,GLY,SER,0.65
238,GLY,THR,0.41
238,GLY,VAL,0.16
238,GLY,TRP,-0.25
238,GLY,TYR,-0.33
240,GLU,ALA,0.47
240,GLU,CYS,0.32
240,GLU,ASP,0.33
240,GLU,PHE,0.29
240,GLU,GLY,0.87
240,GLU,HIS,0.18
240,GLU,ILE,0.08
240,GLU,LYS,0.17
240,GLU,LEU,0.41
240,GLU,MET,0.38
240,GLU,ASN,0.27
240,GLU,PRO,-0.11
240,GLU,GLN,0.4
240,GLU,ARG,0.15
240,GLU,SER,0.46
240,GLU,THR,0.4
240,GLU,VAL,0.07
240,GLU,TRP,0.36
240,GLU,TYR,0.21
241,ARG,ALA,0.08
241,ARG,CYS,-0.45
241,ARG,ASP,-0.19
241,ARG,GLU,0.29
241,ARG,PHE,-0.23
241,ARG,GLY,-0.76
241,ARG,HIS,-0.24
241,ARG,ILE,0.32
241,ARG,LYS,0.11
241,ARG,LEU,-0.25
241,ARG,MET,-0.35
241,ARG,ASN,-0.65
241,ARG,PRO,0.15
241,ARG,GLN,0.06
241,ARG,SER,0.03
241,ARG,THR,0.18
241,ARG,VAL,0.34
241,ARG,TRP,0.03
241,ARG,TYR,-0.16
242,GLY,ALA,2.32
242,GLY,CYS,1.33
242,GLY,ASP,2.51
242,GLY,GLU,3.08
242,GLY,PHE,1.55
242,GLY,HIS,1.78
242,GLY,ILE,2.29
242,GLY,LYS,2.75
242,GLY,LEU,2.17
242,GLY,MET,1.81
242,GLY,ASN,1.54
242,GLY,PRO,2.76
242,GLY,GLN,2.16
242,GLY,ARG,1.92
242,GLY,SER,2.08
242,GLY,THR,2.37
242,GLY,VAL,2.34
242,GLY,TRP,1.34
242,GLY,TYR,1.58
243,SER,ALA,0.38
243,SER,CYS,-0.36
243,SER,ASP,1.82
243,SER,GLU,1.85
243,SER,PHE,-0.26
243,SER,GLY,1.11
243,SER,HIS,0.19
243,SER,ILE,0.08
243,SER,LYS,1.74
243,SER,LEU,0.35
243,SER,MET,-0.13
243,SER,ASN,1.08
243,SER,PRO,2
243,SER,GLN,1.26
243,SER,ARG,0.46
243,SER,THR,0.37
243,SER,VAL,-0.09
243,SER,TRP,-0.39
243,SER,TYR,-0.54
244,ARG,ALA,1.96
244,ARG,CYS,1.03
244,ARG,ASP,2.2
244,ARG,GLU,1.84
244,ARG,PHE,-0.3
244,ARG,GLY,2.99
244,ARG,HIS,0.72
244,ARG,ILE,-0.32
244,ARG,LYS,1.41
244,ARG,LEU,0.02
244,ARG,MET,0.27
244,ARG,ASN,1.67
244,ARG,PRO,2.68
244,ARG,GLN,1.29
244,ARG,SER,1.91
244,ARG,THR,1.12
244,ARG,VAL,0.12
244,ARG,TRP,0.02
244,ARG,TYR,0.02
245,GLY,ALA,-0.22
245,GLY,CYS,-1.38
245,GLY,ASP,2.1
245,GLY,GLU,2.22
245,GLY,PHE,-1.85
245,GLY,HIS,-0.26
245,GLY,ILE,-1.81
245,GLY,LYS,1.81
245,GLY,LEU,-1.34
245,GLY,MET,-0.87
245,GLY,ASN,0.94
245,GLY,PRO,1.92
245,GLY,GLN,0.91
245,GLY,ARG,0.29
245,GLY,SER,0.24
245,GLY,THR,-0.44
245,GLY,VAL,-1.86
245,GLY,TRP,-1.68
245,GLY,TYR,-2.08
246,ILE,ALA,3.36
246,ILE,CYS,2.12
246,ILE,ASP,4.36
246,ILE,GLU,4.17
246,ILE,PHE,1.31
246,ILE,GLY,4.29
246,ILE,HIS,2.05
246,ILE,LYS,3.67
246,ILE,LEU,1.25
246,ILE,MET,1.84
246,ILE,ASN,3.4
246,ILE,PRO,4.37
246,ILE,GLN,3.17
246,ILE,ARG,2.66
246,ILE,SER,3.57
246,ILE,THR,2.38
246,ILE,VAL,1.2
246,ILE,TRP,1.34
246,ILE,TYR,1.24
247,ILE,ALA,3.33
247,ILE,CYS,1.77
247,ILE,ASP,4.15
247,ILE,GLU,4.1
247,ILE,PHE,0.6
247,ILE,GLY,4.22
247,ILE,HIS,2.09
247,ILE,LYS,3.96
247,ILE,LEU,1.51
247,ILE,MET,1.44
247,ILE,ASN,3.67
247,ILE,PRO,5.01
247,ILE,GLN,3.19
247,ILE,ARG,2.74
247,ILE,SER,3.42
247,ILE,THR,2.69
247,ILE,VAL,1.27
247,ILE,TRP,0.71
247,ILE,TYR,0.41
248,ALA,CYS,-0.34
248,ALA,ASP,2.83
248,ALA,GLU,3.32
248,ALA,PHE,-0.7
248,ALA,GLY,1.58
248,ALA,HIS,1.12
248,ALA,ILE,-0.28
248,ALA,LYS,2.92
248,ALA,LEU,0.08
248,ALA,MET,0.28
248,ALA,ASN,2.25
248,ALA,PRO,3.3
248,ALA,GLN,2.53
248,ALA,ARG,1.99
248,ALA,SER,1.12
248,ALA,THR,0.83
248,ALA,VAL,-0.35
248,ALA,TRP,-0.3
248,ALA,TYR,-0.41
249,ALA,CYS,-0.55
249,ALA,ASP,2.65
249,ALA,GLU,2.78
249,ALA,PHE,-0.39
249,ALA,GLY,1.81
249,ALA,HIS,1.18
249,ALA,ILE,-0.76
249,ALA,LYS,2.75
249,ALA,LEU,-0.18
249,ALA,MET,0.03
249,ALA,ASN,2.09
249,ALA,PRO,2.68
249,ALA,GLN,2.03
249,ALA,ARG,1.4
249,ALA,SER,1.28
249,ALA,THR,0.69
249,ALA,VAL,-0.77
249,ALA,TRP,-0.08
249,ALA,TYR,-0.42
250,LEU,ALA,2.46
250,LEU,CYS,1.24
250,LEU,ASP,3.43
250,LEU,GLU,3.17
250,LEU,PHE,0.14
250,LEU,GLY,3.47
250,LEU,HIS,1.42
250,LEU,ILE,0.03
250,LEU,LYS,2.92
250,LEU,MET,0.82
250,LEU,ASN,2.88
250,LEU,PRO,3.65
250,LEU,GLN,2.72
250,LEU,ARG,2.11
250,LEU,SER,2.18
250,LEU,THR,1.74
250,LEU,VAL,0.39
250,LEU,TRP,-0.01
250,LEU,TYR,0.25
251,GLY,ALA,-0.04
251,GLY,CYS,-0.85
251,GLY,ASP,0.72
251,GLY,GLU,0.29
251,GLY,PHE,-1.53
251,GLY,HIS,-0.74
251,GLY,ILE,-1.37
251,GLY,LYS,0.33
251,GLY,LEU,-1.35
251,GLY,MET,-0.85
251,GLY,ASN,0.24
251,GLY,PRO,0.91
251,GLY,GLN,-0.42
251,GLY,ARG,0.43
251,GLY,SER,0.25
251,GLY,THR,-0.17
251,GLY,VAL,-0.96
251,GLY,TRP,-0.9
251,GLY,TYR,-0.99
252,PRO,ALA,1.21
252,PRO,CYS,0.97
252,PRO,ASP,0.98
252,PRO,GLU,1.03
252,PRO,PHE,0.27
252,PRO,GLY,1.11
252,PRO,HIS,0.66
252,PRO,ILE,0.17
252,PRO,LYS,1.16
252,PRO,LEU,0.48
252,PRO,MET,0.41
252,PRO,ASN,0.9
252,PRO,GLN,0.98
252,PRO,ARG,0.97
252,PRO,SER,1.16
252,PRO,THR,0.98
252,PRO,VAL,0.06
252,PRO,TRP,0.32
252,PRO,TYR,0.11
254,ASP,ALA,-0.16
254,ASP,CYS,-0.17
254,ASP,GLU,0.07
254,ASP,PHE,0.35
254,ASP,GLY,-0.55
254,ASP,HIS,-0.15
254,ASP,ILE,0.77
254,ASP,LYS,0.47
254,ASP,LEU,0.42
254,ASP,MET,0.24
254,ASP,ASN,-0.46
254,ASP,PRO,0.22
254,ASP,GLN,0.21
254,ASP,ARG,0.31
254,ASP,SER,-0.04
254,ASP,THR,0.29
254,ASP,VAL,0.6
254,ASP,TRP,0.57
254,ASP,TYR,0.17
255,GLY,ALA,1.54
255,GLY,CYS,1.03
255,GLY,ASP,1.49
255,GLY,GLU,2.04
255,GLY,PHE,1.38
255,GLY,HIS,1.53
255,GLY,ILE,2.29
255,GLY,LYS,1.84
255,GLY,LEU,1.83
255,GLY,MET,1.54
255,GLY,ASN,0.98
255,GLY,PRO,2.65
255,GLY,GLN,1.75
255,GLY,ARG,1.76
255,GLY,SER,1.38
255,GLY,THR,1.98
255,GLY,VAL,2
255,GLY,TRP,1.54
255,GLY,TYR,1.59
256,LYS,ALA,0.53
256,LYS,CYS,0.29
256,LYS,ASP,0.76
256,LYS,GLU,0.34
256,LYS,PHE,0.45
256,LYS,GLY,0.78
256,LYS,HIS,0.04
256,LYS,ILE,0.13
256,LYS,LEU,0.54
256,LYS,MET,0.31
256,LYS,ASN,0.4
256,LYS,PRO,1.2
256,LYS,GLN,0.08
256,LYS,ARG,-0.21
256,LYS,SER,0.53
256,LYS,THR,0.26
256,LYS,VAL,-0.03
256,LYS,TRP,0.52
256,LYS,TYR,0.36
257,PRO,ALA,1.94
257,PRO,CYS,1.19
257,PRO,ASP,1.95
257,PRO,GLU,2.32
257,PRO,PHE,0.78
257,PRO,GLY,2.2
257,PRO,HIS,1.53
257,PRO,ILE,0.62
257,PRO,LYS,2.1
257,PRO,LEU,0.76
257,PRO,MET,1.03
257,PRO,ASN,1.81
257,PRO,GLN,2.11
257,PRO,ARG,1.84
257,PRO,SER,1.49
257,PRO,THR,1.28
257,PRO,VAL,0.57
257,PRO,TRP,0.59
257,PRO,TYR,1.12
258,SER,ALA,0.61
258,SER,CYS,0.47
258,SER,ASP,0.37
258,SER,GLU,0.85
258,SER,PHE,0.52
258,SER,GLY,0.88
258,SER,HIS,0.37
258,SER,ILE,0.2
258,SER,LYS,0.56
258,SER,LEU,0.52
258,SER,MET,0.55
258,SER,ASN,0.31
258,SER,PRO,0.26
258,SER,GLN,0.61
258,SER,ARG,0.35
258,SER,THR,0.02
258,SER,VAL,0.11
258,SER,TRP,0.52
258,SER,TYR,0.68
259,ARG,ALA,1.48
259,ARG,CYS,0.68
259,ARG,ASP,2.13
259,ARG,GLU,1.85
259,ARG,PHE,-0.1
259,ARG,GLY,2.34
259,ARG,HIS,0.24
259,ARG,ILE,-0.23
259,ARG,LYS,1.12
259,ARG,LEU,0.03
259,ARG,MET,0.35
259,ARG,ASN,1.45
259,ARG,PRO,3.11
259,ARG,GLN,1.13
259,ARG,SER,1.72
259,ARG,THR,1.01
259,ARG,VAL,0.19
259,ARG,TRP,0.33
259,ARG,TYR,0.03
260,ILE,ALA,3.12
260,ILE,CYS,2.2
260,ILE,ASP,4.5
260,ILE,GLU,4.29
260,ILE,PHE,1.07
260,ILE,GLY,4.88
260,ILE,HIS,2.7
260,ILE,LYS,3.89
260,ILE,LEU,1.1
260,ILE,MET,1.57
260,ILE,ASN,3.73
260,ILE,PRO,4.38
260,ILE,GLN,3.24
260,ILE,ARG,2.82
260,ILE,SER,3.76
260,ILE,THR,2.59
260,ILE,VAL,1.1
260,ILE,TRP,1.19
260,ILE,TYR,1.25
261,VAL,ALA,2.78
261,VAL,CYS,1.72
261,VAL,ASP,4.09
261,VAL,GLU,3.87
261,VAL,PHE,1.24
261,VAL,GLY,4.21
261,VAL,HIS,2.45
261,VAL,ILE,0.88
261,VAL,LYS,3.78
261,VAL,LEU,1.15
261,VAL,MET,1.57
261,VAL,ASN,3.46
261,VAL,PRO,4.59
261,VAL,GLN,3.44
261,VAL,ARG,2.88
261,VAL,SER,3.5
261,VAL,THR,2.3
261,VAL,TRP,1.23
261,VAL,TYR,1.21
262,VAL,ALA,2.92
262,VAL,CYS,1.71
262,VAL,ASP,4.82
262,VAL,GLU,4.87
262,VAL,PHE,1.08
262,VAL,GLY,4.27
262,VAL,HIS,2.56
262,VAL,ILE,1.03
262,VAL,LYS,4.35
262,VAL,LEU,1.47
262,VAL,MET,1.82
262,VAL,ASN,3.95
262,VAL,PRO,4.87
262,VAL,GLN,3.59
262,VAL,ARG,3.31
262,VAL,SER,3.81
262,VAL,THR,2.53
262,VAL,TRP,1.22
262,VAL,TYR,1.02
263,ILE,ALA,3.24
263,ILE,CYS,2.26
263,ILE,ASP,5.13
263,ILE,GLU,4.69
263,ILE,PHE,0.6
263,ILE,GLY,4.55
263,ILE,HIS,2.57
263,ILE,LYS,4.48
263,ILE,LEU,1
263,ILE,MET,1.5
263,ILE,ASN,4.23
263,ILE,PRO,5.6
263,ILE,GLN,3.75
263,ILE,ARG,3.29
263,ILE,SER,3.83
263,ILE,THR,2.91
263,ILE,VAL,1.32
263,ILE,TRP,0.94
263,ILE,TYR,0.79
264,TYR,ALA,4.25
264,TYR,CYS,3.35
264,TYR,ASP,5.73
264,TYR,GLU,5.23
264,TYR,PHE,0.74
264,TYR,GLY,5.08
264,TYR,HIS,3.04
264,TYR,ILE,2.02
264,TYR,LYS,4.77
264,TYR,LEU,2.13
264,TYR,MET,2.52
264,TYR,ASN,4.8
264,TYR,PRO,5.74
264,TYR,GLN,4.52
264,TYR,ARG,3.66
264,TYR,SER,4.71
264,TYR,THR,3.87
264,TYR,VAL,2.68
264,TYR,TRP,1.04
265,THR,ALA,1.39
265,THR,CYS,0.16
265,THR,ASP,2.25
265,THR,GLU,2.65
265,THR,PHE,-0.32
265,THR,GLY,2.28
265,THR,HIS,1.02
265,THR,ILE,-0.59
265,THR,LYS,2.79
265,THR,LEU,-0.43
265,THR,MET,-0.17
265,THR,ASN,1.88
265,THR,PRO,2.73
265,THR,GLN,1.64
265,THR,ARG,1.45
265,THR,SER,1.78
265,THR,VAL,-0.12
265,THR,TRP,0.21
265,THR,TYR,-0.12
266,THR,ALA,1.12
266,THR,CYS,0.51
266,THR,ASP,1.08
266,THR,GLU,1.31
266,THR,PHE,-0.04
266,THR,GLY,2.03
266,THR,HIS,0.44
266,THR,ILE,0.47
266,THR,LYS,1.46
266,THR,LEU,0.6
266,THR,MET,0.46
266,THR,ASN,1.06
266,THR,PRO,1.71
266,THR,GLN,0.93
266,THR,ARG,0.82
266,THR,SER,1.26
266,THR,VAL,0.39
266,THR,TRP,0.02
266,THR,TYR,0.13
267,GLY,ALA,1.14
267,GLY,CYS,0.51
267,GLY,ASP,0.83
267,GLY,GLU,1.46
267,GLY,PHE,1.23
267,GLY,HIS,0.99
267,GLY,ILE,1.7
267,GLY,LYS,1.32
267,GLY,LEU,1.38
267,GLY,MET,1.17
267,GLY,ASN,0.5
267,GLY,PRO,2.11
267,GLY,GLN,1.2
267,GLY,ARG,1.26
267,GLY,SER,0.95
267,GLY,THR,1.52
267,GLY,VAL,1.77
267,GLY,TRP,1.65
267,GLY,TYR,1.12
268,SER,ALA,1.2
268,SER,CYS,0.38
268,SER,ASP,1.44
268,SER,GLU,2.19
268,SER,PHE,0.39
268,SER,GLY,1.11
268,SER,HIS,1.22
268,SER,ILE,1.26
268,SER,LYS,2.12
268,SER,LEU,1.04
268,SER,MET,1.16
268,SER,ASN,1.07
268,SER,PRO,2.03
268,SER,GLN,1.46
268,SER,ARG,1.65
268,SER,THR,1.36
268,SER,VAL,1.22
268,SER,TRP,0.76
268,SER,TYR,0.4
269,GLN,ALA,0.07
269,GLN,CYS,0.01
269,GLN,ASP,-0.07
269,GLN,GLU,0
269,GLN,PHE,0.38
269,GLN,GLY,0.44
269,GLN,HIS,0.04
269,GLN,ILE,0.13
269,GLN,LYS,-0.07
269,GLN,LEU,0.13
269,GLN,MET,0.12
269,GLN,ASN,-0.06
269,GLN,PRO,0.06
269,GLN,ARG,0.03
269,GLN,SER,-0.11
269,GLN,THR,-0.42
269,GLN,VAL,0.03
269,GLN,TRP,0.63
269,GLN,TYR,0.45
270,ALA,CYS,0.33
270,ALA,ASP,1.11
270,ALA,GLU,1.62
270,ALA,PHE,0.66
270,ALA,GLY,1.38
270,ALA,HIS,1.08
270,ALA,ILE,0.55
270,ALA,LYS,1.55
270,ALA,LEU,0.54
270,ALA,MET,0.4
270,ALA,ASN,1.07
270,ALA,PRO,1.68
270,ALA,GLN,1.29
270,ALA,ARG,1.26
270,ALA,SER,0.68
270,ALA,THR,0.63
270,ALA,VAL,0.5
270,ALA,TRP,0.74
270,ALA,TYR,0.65
271,THR,ALA,0.77
271,THR,CYS,0.82
271,THR,ASP,0.31
271,THR,GLU,0.95
271,THR,PHE,1.31
271,THR,GLY,1.23
271,THR,HIS,0.75
271,THR,ILE,0.94
271,THR,LYS,0.99
271,THR,LEU,0.84
271,THR,MET,1.1
271,THR,ASN,0.47
271,THR,PRO,-0.13
271,THR,GLN,0.93
271,THR,ARG,0.89
271,THR,SER,0.21
271,THR,VAL,0.83
271,THR,TRP,1.33
271,THR,TYR,1.32
272,MET,ALA,0.61
272,MET,CYS,0.86
272,MET,ASP,0.4
272,MET,GLU,0.18
272,MET,PHE,0.26
272,MET,GLY,1.29
272,MET,HIS,0.36
272,MET,ILE,-0.03
272,MET,LYS,0.33
272,MET,LEU,0.06
272,MET,ASN,0.78
272,MET,PRO,0.13
272,MET,GLN,0.22
272,MET,ARG,0.13
272,MET,SER,0.67
272,MET,THR,0.39
272,MET,VAL,0.02
272,MET,TRP,0.06
272,MET,TYR,0.35
273,ASP,ALA,0.01
273,ASP,CYS,0.28
273,ASP,GLU,-0.1
273,ASP,PHE,0.72
273,ASP,GLY,0.92
273,ASP,HIS,0.35
273,ASP,ILE,0.35
273,ASP,LYS,0.47
273,ASP,LEU,0.61
273,ASP,MET,0.57
273,ASP,ASN,0.37
273,ASP,PRO,0.58
273,ASP,GLN,0.2
273,ASP,ARG,0.43
273,ASP,SER,0.11
273,ASP,THR,0.15
273,ASP,VAL,0.12
273,ASP,TRP,0.59
273,ASP,TYR,0.54
274,GLU,ALA,0.57
274,GLU,CYS,0.96
274,GLU,ASP,0.69
274,GLU,PHE,0.64
274,GLU,GLY,1.57
274,GLU,HIS,0.6
274,GLU,ILE,0.54
274,GLU,LYS,0.7
274,GLU,LEU,0.41
274,GLU,MET,0.42
274,GLU,ASN,0.98
274,GLU,PRO,1.77
274,GLU,GLN,0.35
274,GLU,ARG,0.44
274,GLU,SER,1.12
274,GLU,THR,0.87
274,GLU,VAL,0.6
274,GLU,TRP,0.84
274,GLU,TYR,0.79
275,ARG,ALA,1.42
275,ARG,CYS,0.89
275,ARG,ASP,2.44
275,ARG,GLU,1.85
275,ARG,PHE,-0.19
275,ARG,GLY,2.54
275,ARG,HIS,0.97
275,ARG,ILE,-0.14
275,ARG,LYS,1.6
275,ARG,LEU,0.01
275,ARG,MET,0.23
275,ARG,ASN,2.12
275,ARG,PRO,2.28
275,ARG,GLN,0.84
275,ARG,SER,2.29
275,ARG,THR,1.35
275,ARG,VAL,0.13
275,ARG,TRP,-0.04
275,ARG,TYR,-0.27
276,ASN,ALA,0.43
276,ASN,CYS,-0.09
276,ASN,ASP,0.54
276,ASN,GLU,0.44
276,ASN,PHE,-0.6
276,ASN,GLY,0.98
276,ASN,HIS,0.14
276,ASN,ILE,-0.5
276,ASN,LYS,0.49
276,ASN,LEU,-0.49
276,ASN,MET,-0.44
276,ASN,PRO,1.08
276,ASN,GLN,0.17
276,ASN,ARG,0.1
276,ASN,SER,0.77
276,ASN,THR,0.39
276,ASN,VAL,-0.46
276,ASN,TRP,-0.5
276,ASN,TYR,-0.34
277,ARG,ALA,0.59
277,ARG,CYS,0.98
277,ARG,ASP,0.61
277,ARG,GLU,0.04
277,ARG,PHE,0.82
277,ARG,GLY,1.48
277,ARG,HIS,0.63
277,ARG,ILE,0.56
277,ARG,LYS,0.05
277,ARG,LEU,0.4
277,ARG,MET,0.49
277,ARG,ASN,0.66
277,ARG,PRO,1.51
277,ARG,GLN,0.04
277,ARG,SER,0.83
277,ARG,THR,0.8
277,ARG,VAL,0.76
277,ARG,TRP,0.83
277,ARG,TYR,0.75
278,GLN,ALA,1.24
278,GLN,CYS,1.1
278,GLN,ASP,1.42
278,GLN,GLU,1.16
278,GLN,PHE,0.28
278,GLN,GLY,2.43
278,GLN,HIS,0.63
278,GLN,ILE,0.28
278,GLN,LYS,0.92
278,GLN,LEU,0.15
278,GLN,MET,0.05
278,GLN,ASN,1.21
278,GLN,PRO,2.29
278,GLN,ARG,0.55
278,GLN,SER,1.45
278,GLN,THR,1.27
278,GLN,VAL,0.95
278,GLN,TRP,0.18
278,GLN,TYR,0.38
279,ILE,ALA,2.63
279,ILE,CYS,2.01
279,ILE,ASP,3.33
279,ILE,GLU,2.88
279,ILE,PHE,1.22
279,ILE,GLY,4.04
279,ILE,HIS,2.06
279,ILE,LYS,2.7
279,ILE,LEU,0.81
279,ILE,MET,1.04
279,ILE,ASN,2.83
279,ILE,PRO,3.62
279,ILE,GLN,2.13
279,ILE,ARG,2.2
279,ILE,SER,3.11
279,ILE,THR,2.36
279,ILE,VAL,1.37
279,ILE,TRP,1.19
279,ILE,TYR,1.45
280,ALA,CYS,0.59
280,ALA,ASP,1.37
280,ALA,GLU,1.32
280,ALA,PHE,0.89
280,ALA,GLY,1.67
280,ALA,HIS,0.94
280,ALA,ILE,0.54
280,ALA,LYS,1.33
280,ALA,LEU,0.45
280,ALA,MET,0.61
280,ALA,ASN,0.99
280,ALA,PRO,1.79
280,ALA,GLN,0.88
280,ALA,ARG,0.8
280,ALA,SER,0.87
280,ALA,THR,0.94
280,ALA,VAL,0.55
280,ALA,TRP,0.96
280,ALA,TYR,0.98
281,GLU,ALA,0.44
281,GLU,CYS,0.85
281,GLU,ASP,0.41
281,GLU,PHE,1.08
281,GLU,GLY,1.51
281,GLU,HIS,0.69
281,GLU,ILE,0.68
281,GLU,LYS,0.29
281,GLU,LEU,0.52
281,GLU,MET,0.58
281,GLU,ASN,0.45
281,GLU,PRO,1.33
281,GLU,GLN,-0.11
281,GLU,ARG,0.22
281,GLU,SER,0.74
281,GLU,THR,0.66
281,GLU,VAL,0.93
281,GLU,TRP,0.98
281,GLU,TYR,0.86
282,ILE,ALA,3.33
282,ILE,CYS,1.93
282,ILE,ASP,3.95
282,ILE,GLU,2.68
282,ILE,PHE,1.04
282,ILE,GLY,3.68
282,ILE,HIS,2.09
282,ILE,LYS,2.6
282,ILE,LEU,0.73
282,ILE,MET,1.01
282,ILE,ASN,3.36
282,ILE,PRO,4.17
282,ILE,GLN,1.95
282,ILE,ARG,1.66
282,ILE,SER,3.27
282,ILE,THR,2.56
282,ILE,VAL,1.14
282,ILE,TRP,0.84
282,ILE,TYR,0.78
283,GLY,ALA,0.06
283,GLY,CYS,-0.29
283,GLY,ASP,2.1
283,GLY,GLU,1.9
283,GLY,PHE,-0.91
283,GLY,HIS,0.63
283,GLY,ILE,-0.33
283,GLY,LYS,1.74
283,GLY,LEU,-0.56
283,GLY,MET,-0.41
283,GLY,ASN,1.44
283,GLY,PRO,2.06
283,GLY,GLN,0.95
283,GLY,ARG,0.93
283,GLY,SER,1.28
283,GLY,THR,1.36
283,GLY,VAL,0.17
283,GLY,TRP,-0.41
283,GLY,TYR,-0.46
284,ALA,CYS,1.27
284,ALA,ASP,1
284,ALA,GLU,0.71
284,ALA,PHE,0.99
284,ALA,GLY,1.37
284,ALA,HIS,1
284,ALA,ILE,0.91
284,ALA,LYS,0.81
284,ALA,LEU,0.74
284,ALA,MET,0.72
284,ALA,ASN,1.14
284,ALA,PRO,1.74
284,ALA,GLN,0.57
284,ALA,ARG,0.59
284,ALA,SER,0.82
284,ALA,THR,1.02
284,ALA,VAL,0.95
284,ALA,TRP,1.02
284,ALA,TYR,0.96
285,SER,ALA,0.45
285,SER,CYS,0.7
285,SER,ASP,1.14
285,SER,GLU,0.79
285,SER,PHE,0.37
285,SER,GLY,1.47
285,SER,HIS,0.67
285,SER,ILE,0.76
285,SER,LYS,0.87
285,SER,LEU,0.5
285,SER,MET,0.53
285,SER,ASN,1.09
285,SER,PRO,2.31
285,SER,GLN,0.48
285,SER,ARG,0.49
285,SER,THR,0.94
285,SER,VAL,1
285,SER,TRP,0.24
285,SER,TYR,0.32
286,LEU,ALA,2.46
286,LEU,CYS,1.75
286,LEU,ASP,2.62
286,LEU,GLU,1.76
286,LEU,PHE,0.41
286,LEU,GLY,3.22
286,LEU,HIS,1.17
286,LEU,ILE,0.87
286,LEU,LYS,1.57
286,LEU,MET,0.93
286,LEU,ASN,2.34
286,LEU,PRO,3.18
286,LEU,GLN,1.47
286,LEU,ARG,0.89
286,LEU,SER,2.76
286,LEU,THR,1.95
286,LEU,VAL,1.26
286,LEU,TRP,0.46
286,LEU,TYR,0.34
287,ILE,ALA,2.15
287,ILE,CYS,1.73
287,ILE,ASP,2.85
287,ILE,GLU,2.14
287,ILE,PHE,1.08
287,ILE,GLY,3.18
287,ILE,HIS,1.75
287,ILE,LYS,2.16
287,ILE,LEU,0.63
287,ILE,MET,0.67
287,ILE,ASN,2.32
287,ILE,PRO,2.88
287,ILE,GLN,1.82
287,ILE,ARG,1.64
287,ILE,SER,2.64
287,ILE,THR,2.11
287,ILE,VAL,1.29
287,ILE,TRP,1.03
287,ILE,TYR,1.1
288,LYS,ALA,-0.09
288,LYS,CYS,0.43
288,LYS,ASP,0.45
288,LYS,GLU,0.04
288,LYS,PHE,0.41
288,LYS,GLY,0.72
288,LYS,HIS,0.24
288,LYS,ILE,0.03
288,LYS,LEU,-0.05
288,LYS,MET,0.18
288,LYS,ASN,0.43
288,LYS,PRO,0.47
288,LYS,GLN,0.07
288,LYS,ARG,-0.1
288,LYS,SER,0.36
288,LYS,THR,0.44
288,LYS,VAL,0.11
288,LYS,TRP,0.52
288,LYS,TYR,0.31
289,HIS,ALA,1.36
289,HIS,CYS,1.61
289,HIS,ASP,1.26
289,HIS,GLU,0.98
289,HIS,PHE,0.76
289,HIS,GLY,1.93
289,HIS,ILE,1.24
289,HIS,LYS,0.99
289,HIS,LEU,1.02
289,HIS,MET,0.83
289,HIS,ASN,0.96
289,HIS,PRO,1.89
289,HIS,GLN,0.76
289,HIS,ARG,0.55
289,HIS,SER,1.31
289,HIS,THR,0.99
289,HIS,VAL,1.71
289,HIS,TRP,0.65
289,HIS,TYR,0.55
290,TRP,ALA,1.4
290,TRP,CYS,1.32
290,TRP,ASP,1.4
290,TRP,GLU,1.53
290,TRP,PHE,0.42
290,TRP,GLY,1.13
290,TRP,HIS,0.86
290,TRP,ILE,0.78
290,TRP,LYS,1.34
290,TRP,LEU,0.57
290,TRP,MET,0.67
290,TRP,ASN,1.21
290,TRP,PRO,2.15
290,TRP,GLN,0.94
290,TRP,ARG,1.09
290,TRP,SER,1.39
290,TRP,THR,1.18
290,TRP,VAL,0.95
290,TRP,TYR,0.57
